ID,Parameter_ID,Name,Description
AND1-1,AND1,1,-kuna
AND1-2,AND1,2,-zhapa
AND1-NK,AND1,?,Not known
AND10-1,AND10,1,-ku
AND10-2,AND10,2,-ri
AND10-NK,AND10,?,Not known
AND11-1,AND11,1,-na-chi-
AND11-2,AND11,2,na-ka-chi-
AND11-NK,AND11,?,Not known
AND12-1,AND12,1,-spa
AND12-2,AND12,2,-r
AND12-3,AND12,3,both
AND12-NK,AND12,?,Not known
AND13-1,AND13,1,-qti
AND13-2,AND13,2,-kpi
AND13-NK,AND13,?,Not known
AND14-0,AND14,0,no
AND14-1,AND14,1,yes
AND14-NK,AND14,?,Not known
AND15-0,AND15,0,no
AND15-1,AND15,1,yes
AND15-NK,AND15,?,Not known
AND16-1,AND16,1,-単aq
AND16-2,AND16,2,shqa
AND16-NK,AND16,?,Not known
AND17-1,AND17,1,-ykiman/ -nkiman; 
AND17-2,AND17,2,-waq
AND17-3,AND17,3,both
AND17-NK,AND17,?,Not known
AND18-1,AND18,1,-nchikman
AND18-2,AND18,2,-chwan
AND18-3,AND18,3,both
AND18-NK,AND18,?,Not known
AND19-1,AND19,1,-yka
AND19-2,AND19,2,-chka
AND19-3,AND19,3,-ku (or reflexes)
AND19-NK,AND19,?,Not known
AND2-1,AND2,1,単oqayku
AND2-2,AND2,2,単oqa-kuna
AND2-3,AND2,3,単oqa-sapa
AND2-4,AND2,4,there is no disticntion
AND2-NK,AND2,?,Not known
AND20-1,AND20,1,-:
AND20-2,AND20,2,-ni
AND20-3,AND20,3,-y
AND20-NK,AND20,?,Not known
AND21-1,AND21,1,-rqayki
AND21-2,AND21,2,-rqanki
AND21-NK,AND21,?,Not known
AND22-1,AND22,1,-ma
AND22-2,AND22,2,-wa
AND22-NK,AND22,?,Not known
AND23-1,AND23,1,-sur(q)anki
AND23-2,AND23,2,-r(q)asunki
AND23-3,AND23,3,none
AND23-NK,AND23,?,Not known
AND24-1,AND24,1,-yki
AND24-2,AND24,2,-q
AND24-3,AND24,3,none
AND24-NK,AND24,?,Not known
AND25-0,AND25,0,absent
AND25-1,AND25,1,-sapa
AND25-2,AND25,2,-pa:ku
AND25-3,AND25,3,-ri/-rka
AND25-4,AND25,4,-naku
AND25-5,AND25,5,-kuna
AND25-6,AND25,6,-ku
AND25-7,AND25,7,different
AND25-NK,AND25,?,Not known
AND26-1,AND26,1,-nuy/-naw
AND26-2,AND26,2,-hina
AND26-NK,AND26,?,Not known
AND3-1,AND3,1,-ta
AND3-2,AND3,2,-pa
AND3-NK,AND3,?,Not known
AND4-0,AND4,0,no
AND4-1,AND4,1,yes
AND4-NK,AND4,?,Not known
AND5-1,AND5,1,identical
AND5-2,AND5,2,different
AND5-NK,AND5,?,Not known
AND6-1,AND6,1,-pi(q)ta
AND6-2,AND6,2,-manta
AND6-3,AND6,3,-paq
AND6-NK,AND6,?,Not known
AND7-1,AND7,1,-chaw/-chu
AND7-2,AND7,2,pi
AND7-3,AND7,3,-pa
AND7-NK,AND7,?,Not known
AND8-0,AND8,0,absent
AND8-1,AND8,1,-y
AND8-2,AND8,2,-yni
AND8-3,AND8,3,-ni
AND8-NK,AND8,?,Not known
AND9-1,AND9,1,-y
AND9-2,AND9,2,-na
AND9-NK,AND9,?,Not known
ARGEX1-1-NK,ARGEX1-1,?,Not known
ARGEX1-1-A,ARGEX1-1,A,SV
ARGEX1-1-B,ARGEX1-1,B,VS
ARGEX1-1-C,ARGEX1-1,C,none
ARGEX1-2-NK,ARGEX1-2,?,Not known
ARGEX1-2-A,ARGEX1-2,A,APV
ARGEX1-2-B,ARGEX1-2,B,AVP
ARGEX1-2-C,ARGEX1-2,C,VPA
ARGEX1-2-D,ARGEX1-2,D,VAP
ARGEX1-2-E,ARGEX1-2,E,PVA
ARGEX1-2-F,ARGEX1-2,F,PAV
ARGEX1-2-G,ARGEX1-2,G,none
ARGEX1-3-NK,ARGEX1-3,?,Not known
ARGEX1-3-A,ARGEX1-3,A,PV
ARGEX1-3-B,ARGEX1-3,B,VP
ARGEX1-3-C,ARGEX1-3,C,none
ARGEX1-4-NK,ARGEX1-4,?,Not known
ARGEX1-4-A,ARGEX1-4,A,A/V
ARGEX1-4-B,ARGEX1-4,B,T/V
ARGEX1-4-C,ARGEX1-4,C,A/T
ARGEX1-4-D,ARGEX1-4,D,C#
ARGEX1-4-E,ARGEX1-4,E,free
ARGEX1-4-F,ARGEX1-4,F,#C
ARGEX10-1-0,ARGEX10-1,0,false
ARGEX10-1-1,ARGEX10-1,1,true
ARGEX10-1-NK,ARGEX10-1,?,Not known
ARGEX10-2-0,ARGEX10-2,0,false
ARGEX10-2-1,ARGEX10-2,1,true
ARGEX10-2-NK,ARGEX10-2,?,Not known
ARGEX10-3-NK,ARGEX10-3,?,Not known
ARGEX10-3-A,ARGEX10-3,A,obligatory
ARGEX10-3-B,ARGEX10-3,B,optional
ARGEX10-3-C,ARGEX10-3,C,none
ARGEX11-1-0,ARGEX11-1,0,false
ARGEX11-1-1,ARGEX11-1,1,true
ARGEX11-1-NK,ARGEX11-1,?,Not known
ARGEX11-2-0,ARGEX11-2,0,false
ARGEX11-2-1,ARGEX11-2,1,true
ARGEX11-2-NK,ARGEX11-2,?,Not known
ARGEX11-3-NK,ARGEX11-3,?,Not known
ARGEX11-3-A,ARGEX11-3,A,obligatory
ARGEX11-3-B,ARGEX11-3,B,optional
ARGEX11-3-C,ARGEX11-3,C,none
ARGEX11-4-0,ARGEX11-4,0,false
ARGEX11-4-1,ARGEX11-4,1,true
ARGEX11-4-NK,ARGEX11-4,?,Not known
ARGEX12-1-0,ARGEX12-1,0,false
ARGEX12-1-1,ARGEX12-1,1,true
ARGEX12-1-1-0,ARGEX12-1-1,0,false
ARGEX12-1-1-1,ARGEX12-1-1,1,true
ARGEX12-1-1-NK,ARGEX12-1-1,?,Not known
ARGEX12-1-1-NA,ARGEX12-1-1,N/A,Not Applicable
ARGEX12-1-NK,ARGEX12-1,?,Not known
ARGEX2-1-1-NK,ARGEX2-1-1,?,Not known
ARGEX2-1-1-A,ARGEX2-1-1,A,obligatory
ARGEX2-1-1-B,ARGEX2-1-1,B,variable
ARGEX2-1-1-C,ARGEX2-1-1,C,not expressed
ARGEX2-1-1-NA,ARGEX2-1-1,N/A,Not Applicable
ARGEX2-1-NK,ARGEX2-1,?,Not known
ARGEX2-1-A,ARGEX2-1,A,prefix/proclitic
ARGEX2-1-B,ARGEX2-1,B,suffix/enclitic
ARGEX2-1-C,ARGEX2-1,C,variable
ARGEX2-1-D,ARGEX2-1,D,none
ARGEX2-10-0,ARGEX2-10,0,false
ARGEX2-10-1,ARGEX2-10,1,true
ARGEX2-10-1-0,ARGEX2-10-1,0,false
ARGEX2-10-1-1,ARGEX2-10-1,1,true
ARGEX2-10-1-NK,ARGEX2-10-1,?,Not known
ARGEX2-10-1-NA,ARGEX2-10-1,N/A,Not Applicable
ARGEX2-10-NK,ARGEX2-10,?,Not known
ARGEX2-11-NK,ARGEX2-11,?,Not known
ARGEX2-11-A,ARGEX2-11,A,A before P
ARGEX2-11-B,ARGEX2-11,B,P before A
ARGEX2-11-C,ARGEX2-11,C,hierarchical
ARGEX2-11-D,ARGEX2-11,D,portmanteau
ARGEX2-11-E,ARGEX2-11,E,A and P not marked
ARGEX2-12-NK,ARGEX2-12,?,Not known
ARGEX2-12-A,ARGEX2-12,A,marked
ARGEX2-12-B,ARGEX2-12,B,unmarked
ARGEX2-12-C,ARGEX2-12,C,no gender
ARGEX2-13-NK,ARGEX2-13,?,Not known
ARGEX2-13-A,ARGEX2-13,A,yes
ARGEX2-13-B,ARGEX2-13,B,no
ARGEX2-13-C,ARGEX2-13,C,no verbal marking
ARGEX2-14-0,ARGEX2-14,0,false
ARGEX2-14-1,ARGEX2-14,1,true
ARGEX2-14-NK,ARGEX2-14,?,Not known
ARGEX2-15-NK,ARGEX2-15,?,Not known
ARGEX2-15-A,ARGEX2-15,A,accusative
ARGEX2-15-B,ARGEX2-15,B,ergative
ARGEX2-15-C,ARGEX2-15,C,tripartite
ARGEX2-15-D,ARGEX2-15,D,neutral
ARGEX2-15-E,ARGEX2-15,E,none
ARGEX2-2-NK,ARGEX2-2,?,Not known
ARGEX2-2-A,ARGEX2-2,A,independent prefix/proclitic
ARGEX2-2-B,ARGEX2-2,B,independent suffix/enclitic
ARGEX2-2-C,ARGEX2-2,C,fused with person
ARGEX2-2-D,ARGEX2-2,D,none
ARGEX2-3-NK,ARGEX2-3,?,Not known
ARGEX2-3-A,ARGEX2-3,A,independent prefix/proclitic
ARGEX2-3-B,ARGEX2-3,B,independent suffix/enclitic
ARGEX2-3-C,ARGEX2-3,C,fused with person
ARGEX2-3-D,ARGEX2-3,D,none
ARGEX2-3-E,ARGEX2-3,E,no gender
ARGEX2-4-1-NK,ARGEX2-4-1,?,Not known
ARGEX2-4-1-A,ARGEX2-4-1,A,obligatory
ARGEX2-4-1-B,ARGEX2-4-1,B,variable
ARGEX2-4-1-C,ARGEX2-4-1,C,not expressed
ARGEX2-4-1-NA,ARGEX2-4-1,N/A,Not Applicable
ARGEX2-4-NK,ARGEX2-4,?,Not known
ARGEX2-4-A,ARGEX2-4,A,prefix/proclitic
ARGEX2-4-B,ARGEX2-4,B,suffix/enclitic
ARGEX2-4-C,ARGEX2-4,C,variable
ARGEX2-4-D,ARGEX2-4,D,none
ARGEX2-5-NK,ARGEX2-5,?,Not known
ARGEX2-5-A,ARGEX2-5,A,independent prefix/proclitic
ARGEX2-5-B,ARGEX2-5,B,independent suffix/enclitic
ARGEX2-5-C,ARGEX2-5,C,fused with person
ARGEX2-5-D,ARGEX2-5,D,none
ARGEX2-6-NK,ARGEX2-6,?,Not known
ARGEX2-6-A,ARGEX2-6,A,independent prefix/proclitic
ARGEX2-6-B,ARGEX2-6,B,independent suffix/enclitic
ARGEX2-6-C,ARGEX2-6,C,fused with person
ARGEX2-6-D,ARGEX2-6,D,none
ARGEX2-6-E,ARGEX2-6,E,no gender
ARGEX2-7-1-NK,ARGEX2-7-1,?,Not known
ARGEX2-7-1-A,ARGEX2-7-1,A,obligatory
ARGEX2-7-1-B,ARGEX2-7-1,B,variable
ARGEX2-7-1-C,ARGEX2-7-1,C,not expressed
ARGEX2-7-1-NA,ARGEX2-7-1,N/A,Not Applicable
ARGEX2-7-NK,ARGEX2-7,?,Not known
ARGEX2-7-A,ARGEX2-7,A,prefix/proclitic
ARGEX2-7-B,ARGEX2-7,B,suffix/enclitic
ARGEX2-7-C,ARGEX2-7,C,variable
ARGEX2-7-D,ARGEX2-7,D,none
ARGEX2-8-NK,ARGEX2-8,?,Not known
ARGEX2-8-A,ARGEX2-8,A,independent prefix/proclitic
ARGEX2-8-B,ARGEX2-8,B,independent suffix/enclitic
ARGEX2-8-C,ARGEX2-8,C,fused with person
ARGEX2-8-D,ARGEX2-8,D,none
ARGEX2-9-NK,ARGEX2-9,?,Not known
ARGEX2-9-A,ARGEX2-9,A,independent prefix/proclitic
ARGEX2-9-B,ARGEX2-9,B,independent suffix/enclitic
ARGEX2-9-C,ARGEX2-9,C,fused with person
ARGEX2-9-D,ARGEX2-9,D,none
ARGEX2-9-E,ARGEX2-9,E,no gender
ARGEX3-1-0,ARGEX3-1,0,false
ARGEX3-1-1,ARGEX3-1,1,true
ARGEX3-1-1-0,ARGEX3-1-1,0,false
ARGEX3-1-1-1,ARGEX3-1-1,1,true
ARGEX3-1-1-NK,ARGEX3-1-1,?,Not known
ARGEX3-1-1-NA,ARGEX3-1-1,N/A,Not Applicable
ARGEX3-1-2-0,ARGEX3-1-2,0,false
ARGEX3-1-2-1,ARGEX3-1-2,1,true
ARGEX3-1-2-NK,ARGEX3-1-2,?,Not known
ARGEX3-1-2-NA,ARGEX3-1-2,N/A,Not Applicable
ARGEX3-1-3-0,ARGEX3-1-3,0,false
ARGEX3-1-3-1,ARGEX3-1-3,1,true
ARGEX3-1-3-NK,ARGEX3-1-3,?,Not known
ARGEX3-1-3-NA,ARGEX3-1-3,N/A,Not Applicable
ARGEX3-1-NK,ARGEX3-1,?,Not known
ARGEX4-1-0,ARGEX4-1,0,false
ARGEX4-1-1,ARGEX4-1,1,true
ARGEX4-1-1-0,ARGEX4-1-1,0,false
ARGEX4-1-1-1,ARGEX4-1-1,1,true
ARGEX4-1-1-NK,ARGEX4-1-1,?,Not known
ARGEX4-1-1-NA,ARGEX4-1-1,N/A,Not Applicable
ARGEX4-1-2-0,ARGEX4-1-2,0,false
ARGEX4-1-2-1,ARGEX4-1-2,1,true
ARGEX4-1-2-NK,ARGEX4-1-2,?,Not known
ARGEX4-1-2-NA,ARGEX4-1-2,N/A,Not Applicable
ARGEX4-1-3-0,ARGEX4-1-3,0,false
ARGEX4-1-3-1,ARGEX4-1-3,1,true
ARGEX4-1-3-NK,ARGEX4-1-3,?,Not known
ARGEX4-1-3-NA,ARGEX4-1-3,N/A,Not Applicable
ARGEX4-1-4-NK,ARGEX4-1-4,?,Not known
ARGEX4-1-4-A,ARGEX4-1-4,A,A
ARGEX4-1-4-B,ARGEX4-1-4,B,P
ARGEX4-1-4-C,ARGEX4-1-4,C,neither
ARGEX4-1-4-NA,ARGEX4-1-4,N/A,Not Applicable
ARGEX4-1-NK,ARGEX4-1,?,Not known
ARGEX5-1-NK,ARGEX5-1,?,Not known
ARGEX5-1-A,ARGEX5-1,A,prefix/proclitic
ARGEX5-1-B,ARGEX5-1,B,suffix/enclitic
ARGEX5-1-C,ARGEX5-1,C,none
ARGEX5-2-NK,ARGEX5-2,?,Not known
ARGEX5-2-A,ARGEX5-2,A,prefix/proclitic
ARGEX5-2-B,ARGEX5-2,B,suffix/enclitic
ARGEX5-2-C,ARGEX5-2,C,none
ARGEX5-3-NK,ARGEX5-3,?,Not known
ARGEX5-3-A,ARGEX5-3,A,prefix/proclitic
ARGEX5-3-B,ARGEX5-3,B,suffix/enclitic
ARGEX5-3-C,ARGEX5-3,C,none
ARGEX5-4-NK,ARGEX5-4,?,Not known
ARGEX5-4-A,ARGEX5-4,A,prefix/proclitic
ARGEX5-4-B,ARGEX5-4,B,suffix/enclitic
ARGEX5-4-C,ARGEX5-4,C,none
ARGEX5-5-NK,ARGEX5-5,?,Not known
ARGEX5-5-A,ARGEX5-5,A,obligatory
ARGEX5-5-B,ARGEX5-5,B,variable
ARGEX5-5-C,ARGEX5-5,C,none
ARGEX5-5-D,ARGEX5-5,D,no case
ARGEX5-6-NK,ARGEX5-6,?,Not known
ARGEX5-6-A,ARGEX5-6,A,accusative
ARGEX5-6-B,ARGEX5-6,B,ergative
ARGEX5-6-C,ARGEX5-6,C,neutral
ARGEX5-7-NK,ARGEX5-7,?,Not known
ARGEX5-7-A,ARGEX5-7,A,accusative
ARGEX5-7-B,ARGEX5-7,B,ergative
ARGEX5-7-C,ARGEX5-7,C,neutral
ARGEX5-7-D,ARGEX5-7,D,tripartite
ARGEX5-7-E,ARGEX5-7,E,no pronouns
ARGEX5-8-NK,ARGEX5-8,?,Not known
ARGEX5-8-A,ARGEX5-8,A,indirective
ARGEX5-8-B,ARGEX5-8,B,secundative
ARGEX5-8-C,ARGEX5-8,C,neutral
ARGEX5-9-NK,ARGEX5-9,?,Not known
ARGEX5-9-A,ARGEX5-9,A,preposition/prefix
ARGEX5-9-B,ARGEX5-9,B,suffix/postposition
ARGEX5-9-C,ARGEX5-9,C,neither
ARGEX6-1-0,ARGEX6-1,0,false
ARGEX6-1-1,ARGEX6-1,1,true
ARGEX6-1-1-0,ARGEX6-1-1,0,false
ARGEX6-1-1-1,ARGEX6-1-1,1,true
ARGEX6-1-1-NK,ARGEX6-1-1,?,Not known
ARGEX6-1-1-NA,ARGEX6-1-1,N/A,Not Applicable
ARGEX6-1-2-NK,ARGEX6-1-2,?,Not known
ARGEX6-1-2-A,ARGEX6-1-2,A,Oblique
ARGEX6-1-2-B,ARGEX6-1-2,B,R
ARGEX6-1-2-C,ARGEX6-1-2,C,T
ARGEX6-1-2-D,ARGEX6-1-2,D,A
ARGEX6-1-2-NA,ARGEX6-1-2,N/A,Not Applicable
ARGEX6-1-3-0,ARGEX6-1-3,0,false
ARGEX6-1-3-1,ARGEX6-1-3,1,true
ARGEX6-1-3-NK,ARGEX6-1-3,?,Not known
ARGEX6-1-3-NA,ARGEX6-1-3,N/A,Not Applicable
ARGEX6-1-4-0,ARGEX6-1-4,0,false
ARGEX6-1-4-1,ARGEX6-1-4,1,true
ARGEX6-1-4-NK,ARGEX6-1-4,?,Not known
ARGEX6-1-4-NA,ARGEX6-1-4,N/A,Not Applicable
ARGEX6-1-NK,ARGEX6-1,?,Not known
ARGEX7-1-0,ARGEX7-1,0,false
ARGEX7-1-1,ARGEX7-1,1,true
ARGEX7-1-1-0,ARGEX7-1-1,0,false
ARGEX7-1-1-1,ARGEX7-1-1,1,true
ARGEX7-1-1-NK,ARGEX7-1-1,?,Not known
ARGEX7-1-1-NA,ARGEX7-1-1,N/A,Not Applicable
ARGEX7-1-2-0,ARGEX7-1-2,0,false
ARGEX7-1-2-1,ARGEX7-1-2,1,true
ARGEX7-1-2-NK,ARGEX7-1-2,?,Not known
ARGEX7-1-2-NA,ARGEX7-1-2,N/A,Not Applicable
ARGEX7-1-3-0,ARGEX7-1-3,0,false
ARGEX7-1-3-1,ARGEX7-1-3,1,true
ARGEX7-1-3-NK,ARGEX7-1-3,?,Not known
ARGEX7-1-3-NA,ARGEX7-1-3,N/A,Not Applicable
ARGEX7-1-4-0,ARGEX7-1-4,0,false
ARGEX7-1-4-1,ARGEX7-1-4,1,true
ARGEX7-1-4-NK,ARGEX7-1-4,?,Not known
ARGEX7-1-4-NA,ARGEX7-1-4,N/A,Not Applicable
ARGEX7-1-NK,ARGEX7-1,?,Not known
ARGEX8-1-1-0,ARGEX8-1-1,0,false
ARGEX8-1-1-1,ARGEX8-1-1,1,true
ARGEX8-1-1-NK,ARGEX8-1-1,?,Not known
ARGEX8-1-1-NA,ARGEX8-1-1,N/A,Not Applicable
ARGEX8-1-NK,ARGEX8-1,?,Not known
ARGEX8-1-A,ARGEX8-1,A,verbal morphology
ARGEX8-1-B,ARGEX8-1,B,auxiliary
ARGEX8-1-C,ARGEX8-1,C,both
ARGEX8-1-D,ARGEX8-1,D,none
ARGEX9-1-0,ARGEX9-1,0,false
ARGEX9-1-1,ARGEX9-1,1,true
ARGEX9-1-1-0,ARGEX9-1-1,0,false
ARGEX9-1-1-1,ARGEX9-1-1,1,true
ARGEX9-1-1-NK,ARGEX9-1-1,?,Not known
ARGEX9-1-1-NA,ARGEX9-1-1,N/A,Not Applicable
ARGEX9-1-2-0,ARGEX9-1-2,0,false
ARGEX9-1-2-1,ARGEX9-1-2,1,true
ARGEX9-1-2-NK,ARGEX9-1-2,?,Not known
ARGEX9-1-2-NA,ARGEX9-1-2,N/A,Not Applicable
ARGEX9-1-NK,ARGEX9-1,?,Not known
ARW1-0,ARW1,0,No
ARW1-1,ARW1,1,Yes
ARW1-1-03a-0,ARW1-1-03a,0,No
ARW1-1-03a-1,ARW1-1-03a,1,Yes
ARW1-1-03a-NK,ARW1-1-03a,?,Not known
ARW1-1-03b-0,ARW1-1-03b,0,No
ARW1-1-03b-1,ARW1-1-03b,1,Yes
ARW1-1-03b-NK,ARW1-1-03b,?,Not known
ARW1-1-05-0,ARW1-1-05,0,No
ARW1-1-05-1,ARW1-1-05,1,Yes
ARW1-1-05-NK,ARW1-1-05,?,Not known
ARW1-1-06-0,ARW1-1-06,0,No
ARW1-1-06-1,ARW1-1-06,1,Yes
ARW1-1-06-NK,ARW1-1-06,?,Not known
ARW1-1-07-0,ARW1-1-07,0,No
ARW1-1-07-1,ARW1-1-07,1,Yes
ARW1-1-07-NK,ARW1-1-07,?,Not known
ARW1-1-08-0,ARW1-1-08,0,No
ARW1-1-08-1,ARW1-1-08,1,Yes
ARW1-1-08-NK,ARW1-1-08,?,Not known
ARW1-1-09-0,ARW1-1-09,0,No
ARW1-1-09-1,ARW1-1-09,1,Yes
ARW1-1-09-NK,ARW1-1-09,?,Not known
ARW1-1-09a-0,ARW1-1-09a,0,No
ARW1-1-09a-1,ARW1-1-09a,1,Yes
ARW1-1-09a-NK,ARW1-1-09a,?,Not known
ARW1-1-09b-0,ARW1-1-09b,0,No
ARW1-1-09b-1,ARW1-1-09b,1,Yes
ARW1-1-09b-NK,ARW1-1-09b,?,Not known
ARW1-1-10-0,ARW1-1-10,0,No
ARW1-1-10-1,ARW1-1-10,1,Yes
ARW1-1-10-NK,ARW1-1-10,?,Not known
ARW1-1-11-0,ARW1-1-11,0,No
ARW1-1-11-1,ARW1-1-11,1,Yes
ARW1-1-11-NK,ARW1-1-11,?,Not known
ARW1-1-12-0,ARW1-1-12,0,No
ARW1-1-12-1,ARW1-1-12,1,Yes
ARW1-1-12-NK,ARW1-1-12,?,Not known
ARW1-1-13a-0,ARW1-1-13a,0,No
ARW1-1-13a-1,ARW1-1-13a,1,Yes
ARW1-1-13a-NK,ARW1-1-13a,?,Not known
ARW1-1-15-0,ARW1-1-15,0,No
ARW1-1-15-1,ARW1-1-15,1,Yes
ARW1-1-15-NK,ARW1-1-15,?,Not known
ARW1-1-16-0,ARW1-1-16,0,No
ARW1-1-16-1,ARW1-1-16,1,Yes
ARW1-1-16-NK,ARW1-1-16,?,Not known
ARW1-1-17-0,ARW1-1-17,0,No
ARW1-1-17-1,ARW1-1-17,1,Yes
ARW1-1-17-NK,ARW1-1-17,?,Not known
ARW1-1-18-0,ARW1-1-18,0,No
ARW1-1-18-1,ARW1-1-18,1,Yes
ARW1-1-18-NK,ARW1-1-18,?,Not known
ARW1-2-02-0,ARW1-2-02,0,No
ARW1-2-02-1,ARW1-2-02,1,Yes
ARW1-2-02-NK,ARW1-2-02,?,Not known
ARW1-2-03a-0,ARW1-2-03a,0,No
ARW1-2-03a-1,ARW1-2-03a,1,Yes
ARW1-2-03a-NK,ARW1-2-03a,?,Not known
ARW1-2-04-0,ARW1-2-04,0,No
ARW1-2-04-1,ARW1-2-04,1,Yes
ARW1-2-04-NK,ARW1-2-04,?,Not known
ARW1-NK,ARW1,?,Not known
ARW10-0,ARW10,0,No
ARW10-1,ARW10,1,Yes
ARW10-NK,ARW10,?,Not known
ARW11-0,ARW11,0,No
ARW11-1,ARW11,1,Yes
ARW11-NK,ARW11,?,Not known
ARW12-0,ARW12,0,No
ARW12-1,ARW12,1,Yes
ARW12-NK,ARW12,?,Not known
ARW13-0,ARW13,0,No
ARW13-1,ARW13,1,Yes
ARW13-NK,ARW13,?,Not known
ARW14-0,ARW14,0,No
ARW14-1,ARW14,1,Yes
ARW14-NK,ARW14,?,Not known
ARW15-0,ARW15,0,No
ARW15-1,ARW15,1,Yes
ARW15-NK,ARW15,?,Not known
ARW16-0,ARW16,0,No
ARW16-1,ARW16,1,Yes
ARW16-NK,ARW16,?,Not known
ARW17-0,ARW17,0,No
ARW17-1,ARW17,1,Yes
ARW17-NK,ARW17,?,Not known
ARW18-0,ARW18,0,No
ARW18-1,ARW18,1,Yes
ARW18-NK,ARW18,?,Not known
ARW19-0,ARW19,0,No
ARW19-1,ARW19,1,Yes
ARW19-NK,ARW19,?,Not known
ARW2-0,ARW2,0,No
ARW2-1,ARW2,1,Yes
ARW2-1-01-0,ARW2-1-01,0,No
ARW2-1-01-1,ARW2-1-01,1,Yes
ARW2-1-01-NK,ARW2-1-01,?,Not known
ARW2-1-02a-0,ARW2-1-02a,0,No
ARW2-1-02a-1,ARW2-1-02a,1,Yes
ARW2-1-02a-NK,ARW2-1-02a,?,Not known
ARW2-1-03a-0,ARW2-1-03a,0,No
ARW2-1-03a-1,ARW2-1-03a,1,Yes
ARW2-1-03a-NK,ARW2-1-03a,?,Not known
ARW2-1-03b-0,ARW2-1-03b,0,No
ARW2-1-03b-1,ARW2-1-03b,1,Yes
ARW2-1-03b-NK,ARW2-1-03b,?,Not known
ARW2-1-05a-0,ARW2-1-05a,0,No
ARW2-1-05a-1,ARW2-1-05a,1,Yes
ARW2-1-05a-NK,ARW2-1-05a,?,Not known
ARW2-1-05b-0,ARW2-1-05b,0,No
ARW2-1-05b-1,ARW2-1-05b,1,Yes
ARW2-1-05b-NK,ARW2-1-05b,?,Not known
ARW2-1-05c-0,ARW2-1-05c,0,No
ARW2-1-05c-1,ARW2-1-05c,1,Yes
ARW2-1-05c-NK,ARW2-1-05c,?,Not known
ARW2-1-05d-0,ARW2-1-05d,0,No
ARW2-1-05d-1,ARW2-1-05d,1,Yes
ARW2-1-05d-NK,ARW2-1-05d,?,Not known
ARW2-1-06-0,ARW2-1-06,0,No
ARW2-1-06-1,ARW2-1-06,1,Yes
ARW2-1-06-NK,ARW2-1-06,?,Not known
ARW2-1-07-0,ARW2-1-07,0,No
ARW2-1-07-1,ARW2-1-07,1,Yes
ARW2-1-07-NK,ARW2-1-07,?,Not known
ARW2-2-01-0,ARW2-2-01,0,No
ARW2-2-01-1,ARW2-2-01,1,Yes
ARW2-2-01-NK,ARW2-2-01,?,Not known
ARW2-2-01a-0,ARW2-2-01a,0,No
ARW2-2-01a-1,ARW2-2-01a,1,Yes
ARW2-2-01a-NK,ARW2-2-01a,?,Not known
ARW2-2-02-0,ARW2-2-02,0,No
ARW2-2-02-1,ARW2-2-02,1,Yes
ARW2-2-02-NK,ARW2-2-02,?,Not known
ARW2-2-03-0,ARW2-2-03,0,No
ARW2-2-03-1,ARW2-2-03,1,Yes
ARW2-2-03-NK,ARW2-2-03,?,Not known
ARW2-2-03a-0,ARW2-2-03a,0,No
ARW2-2-03a-1,ARW2-2-03a,1,Yes
ARW2-2-03a-NK,ARW2-2-03a,?,Not known
ARW2-2-04-0,ARW2-2-04,0,No
ARW2-2-04-1,ARW2-2-04,1,Yes
ARW2-2-04-NK,ARW2-2-04,?,Not known
ARW2-2-05-0,ARW2-2-05,0,No
ARW2-2-05-1,ARW2-2-05,1,Yes
ARW2-2-05-NK,ARW2-2-05,?,Not known
ARW2-2-06-0,ARW2-2-06,0,No
ARW2-2-06-1,ARW2-2-06,1,Yes
ARW2-2-06-NK,ARW2-2-06,?,Not known
ARW2-3-02a-0,ARW2-3-02a,0,No
ARW2-3-02a-1,ARW2-3-02a,1,Yes
ARW2-3-02a-NK,ARW2-3-02a,?,Not known
ARW2-3-05-0,ARW2-3-05,0,No
ARW2-3-05-1,ARW2-3-05,1,Yes
ARW2-3-05-NK,ARW2-3-05,?,Not known
ARW2-3-06a-0,ARW2-3-06a,0,No
ARW2-3-06a-1,ARW2-3-06a,1,Yes
ARW2-3-06a-NK,ARW2-3-06a,?,Not known
ARW2-3-07-0,ARW2-3-07,0,No
ARW2-3-07-1,ARW2-3-07,1,Yes
ARW2-3-07-NK,ARW2-3-07,?,Not known
ARW2-4-02-0,ARW2-4-02,0,No
ARW2-4-02-1,ARW2-4-02,1,Yes
ARW2-4-02-NK,ARW2-4-02,?,Not known
ARW2-4-03-0,ARW2-4-03,0,No
ARW2-4-03-1,ARW2-4-03,1,Yes
ARW2-4-03-NK,ARW2-4-03,?,Not known
ARW2-4-05-0,ARW2-4-05,0,No
ARW2-4-05-1,ARW2-4-05,1,Yes
ARW2-4-05-NK,ARW2-4-05,?,Not known
ARW2-4-07-0,ARW2-4-07,0,No
ARW2-4-07-1,ARW2-4-07,1,Yes
ARW2-4-07-NK,ARW2-4-07,?,Not known
ARW2-4-08-0,ARW2-4-08,0,No
ARW2-4-08-1,ARW2-4-08,1,Yes
ARW2-4-08-NK,ARW2-4-08,?,Not known
ARW2-4-09-0,ARW2-4-09,0,No
ARW2-4-09-1,ARW2-4-09,1,Yes
ARW2-4-09-NK,ARW2-4-09,?,Not known
ARW2-4-11-0,ARW2-4-11,0,No
ARW2-4-11-1,ARW2-4-11,1,Yes
ARW2-4-11-NK,ARW2-4-11,?,Not known
ARW2-4-11a-0,ARW2-4-11a,0,No
ARW2-4-11a-1,ARW2-4-11a,1,Yes
ARW2-4-11a-NK,ARW2-4-11a,?,Not known
ARW2-4-12-0,ARW2-4-12,0,No
ARW2-4-12-1,ARW2-4-12,1,Yes
ARW2-4-12-NK,ARW2-4-12,?,Not known
ARW2-4-13-0,ARW2-4-13,0,No
ARW2-4-13-1,ARW2-4-13,1,Yes
ARW2-4-13-NK,ARW2-4-13,?,Not known
ARW2-4-14-0,ARW2-4-14,0,No
ARW2-4-14-1,ARW2-4-14,1,Yes
ARW2-4-14-NK,ARW2-4-14,?,Not known
ARW2-5-01-0,ARW2-5-01,0,No
ARW2-5-01-1,ARW2-5-01,1,Yes
ARW2-5-01-NK,ARW2-5-01,?,Not known
ARW2-5-01a-0,ARW2-5-01a,0,No
ARW2-5-01a-1,ARW2-5-01a,1,Yes
ARW2-5-01a-NK,ARW2-5-01a,?,Not known
ARW2-5-02-0,ARW2-5-02,0,No
ARW2-5-02-1,ARW2-5-02,1,Yes
ARW2-5-02-NK,ARW2-5-02,?,Not known
ARW2-5-03-0,ARW2-5-03,0,No
ARW2-5-03-1,ARW2-5-03,1,Yes
ARW2-5-03-NK,ARW2-5-03,?,Not known
ARW2-5-04-0,ARW2-5-04,0,No
ARW2-5-04-1,ARW2-5-04,1,Yes
ARW2-5-04-NK,ARW2-5-04,?,Not known
ARW2-5-04a-0,ARW2-5-04a,0,No
ARW2-5-04a-1,ARW2-5-04a,1,Yes
ARW2-5-04a-NK,ARW2-5-04a,?,Not known
ARW2-5-05-0,ARW2-5-05,0,No
ARW2-5-05-1,ARW2-5-05,1,Yes
ARW2-5-05-NK,ARW2-5-05,?,Not known
ARW2-5-06-0,ARW2-5-06,0,No
ARW2-5-06-1,ARW2-5-06,1,Yes
ARW2-5-06-NK,ARW2-5-06,?,Not known
ARW2-5-07-0,ARW2-5-07,0,No
ARW2-5-07-1,ARW2-5-07,1,Yes
ARW2-5-07-NK,ARW2-5-07,?,Not known
ARW2-5-08-0,ARW2-5-08,0,No
ARW2-5-08-1,ARW2-5-08,1,Yes
ARW2-5-08-NK,ARW2-5-08,?,Not known
ARW2-5-09-0,ARW2-5-09,0,No
ARW2-5-09-1,ARW2-5-09,1,Yes
ARW2-5-09-NK,ARW2-5-09,?,Not known
ARW2-5-10-0,ARW2-5-10,0,No
ARW2-5-10-1,ARW2-5-10,1,Yes
ARW2-5-10-NK,ARW2-5-10,?,Not known
ARW2-6-01-0,ARW2-6-01,0,No
ARW2-6-01-1,ARW2-6-01,1,Yes
ARW2-6-01-NK,ARW2-6-01,?,Not known
ARW2-6-02-0,ARW2-6-02,0,No
ARW2-6-02-1,ARW2-6-02,1,Yes
ARW2-6-02-NK,ARW2-6-02,?,Not known
ARW2-6-03-0,ARW2-6-03,0,No
ARW2-6-03-1,ARW2-6-03,1,Yes
ARW2-6-03-NK,ARW2-6-03,?,Not known
ARW2-6-05-0,ARW2-6-05,0,No
ARW2-6-05-1,ARW2-6-05,1,Yes
ARW2-6-05-NK,ARW2-6-05,?,Not known
ARW2-6-06-0,ARW2-6-06,0,No
ARW2-6-06-1,ARW2-6-06,1,Yes
ARW2-6-06-NK,ARW2-6-06,?,Not known
ARW2-6-07-0,ARW2-6-07,0,No
ARW2-6-07-1,ARW2-6-07,1,Yes
ARW2-6-07-NK,ARW2-6-07,?,Not known
ARW2-6-08-0,ARW2-6-08,0,No
ARW2-6-08-1,ARW2-6-08,1,Yes
ARW2-6-08-NK,ARW2-6-08,?,Not known
ARW2-6-09a-0,ARW2-6-09a,0,No
ARW2-6-09a-1,ARW2-6-09a,1,Yes
ARW2-6-09a-NK,ARW2-6-09a,?,Not known
ARW2-6-09b-0,ARW2-6-09b,0,No
ARW2-6-09b-1,ARW2-6-09b,1,Yes
ARW2-6-09b-NK,ARW2-6-09b,?,Not known
ARW2-6-10-0,ARW2-6-10,0,No
ARW2-6-10-1,ARW2-6-10,1,Yes
ARW2-6-10-NK,ARW2-6-10,?,Not known
ARW2-7-01-0,ARW2-7-01,0,No
ARW2-7-01-1,ARW2-7-01,1,Yes
ARW2-7-01-NK,ARW2-7-01,?,Not known
ARW2-7-02-0,ARW2-7-02,0,No
ARW2-7-02-1,ARW2-7-02,1,Yes
ARW2-7-02-NK,ARW2-7-02,?,Not known
ARW2-7-03a-0,ARW2-7-03a,0,No
ARW2-7-03a-1,ARW2-7-03a,1,Yes
ARW2-7-03a-NK,ARW2-7-03a,?,Not known
ARW2-7-03b-0,ARW2-7-03b,0,No
ARW2-7-03b-1,ARW2-7-03b,1,Yes
ARW2-7-03b-NK,ARW2-7-03b,?,Not known
ARW2-8-01a-0,ARW2-8-01a,0,No
ARW2-8-01a-1,ARW2-8-01a,1,Yes
ARW2-8-01a-NK,ARW2-8-01a,?,Not known
ARW2-8-01b-0,ARW2-8-01b,0,No
ARW2-8-01b-1,ARW2-8-01b,1,Yes
ARW2-8-01b-NK,ARW2-8-01b,?,Not known
ARW2-9-01-0,ARW2-9-01,0,No
ARW2-9-01-1,ARW2-9-01,1,Yes
ARW2-9-01-NK,ARW2-9-01,?,Not known
ARW2-9-01a-0,ARW2-9-01a,0,No
ARW2-9-01a-1,ARW2-9-01a,1,Yes
ARW2-9-01a-NK,ARW2-9-01a,?,Not known
ARW2-9-02-0,ARW2-9-02,0,No
ARW2-9-02-1,ARW2-9-02,1,Yes
ARW2-9-02-NK,ARW2-9-02,?,Not known
ARW2-9-02a-0,ARW2-9-02a,0,No
ARW2-9-02a-1,ARW2-9-02a,1,Yes
ARW2-9-02a-NK,ARW2-9-02a,?,Not known
ARW2-9-03-0,ARW2-9-03,0,No
ARW2-9-03-1,ARW2-9-03,1,Yes
ARW2-9-03-NK,ARW2-9-03,?,Not known
ARW2-9-04-0,ARW2-9-04,0,No
ARW2-9-04-1,ARW2-9-04,1,Yes
ARW2-9-04-NK,ARW2-9-04,?,Not known
ARW2-9-05-0,ARW2-9-05,0,No
ARW2-9-05-1,ARW2-9-05,1,Yes
ARW2-9-05-NK,ARW2-9-05,?,Not known
ARW2-9-06-0,ARW2-9-06,0,No
ARW2-9-06-1,ARW2-9-06,1,Yes
ARW2-9-06-NK,ARW2-9-06,?,Not known
ARW2-9-07-0,ARW2-9-07,0,No
ARW2-9-07-1,ARW2-9-07,1,Yes
ARW2-9-07-NK,ARW2-9-07,?,Not known
ARW2-NK,ARW2,?,Not known
ARW20-0,ARW20,0,No
ARW20-1,ARW20,1,Yes
ARW20-NK,ARW20,?,Not known
ARW21-0,ARW21,0,No
ARW21-1,ARW21,1,Yes
ARW21-NK,ARW21,?,Not known
ARW22-0,ARW22,0,No
ARW22-1,ARW22,1,Yes
ARW22-NK,ARW22,?,Not known
ARW23-0,ARW23,0,No
ARW23-1,ARW23,1,Yes
ARW23-NK,ARW23,?,Not known
ARW24-0,ARW24,0,No
ARW24-1,ARW24,1,Yes
ARW24-NK,ARW24,?,Not known
ARW25-0,ARW25,0,No
ARW25-1,ARW25,1,Yes
ARW25-NK,ARW25,?,Not known
ARW26-0,ARW26,0,No
ARW26-1,ARW26,1,Yes
ARW26-NK,ARW26,?,Not known
ARW27-0,ARW27,0,No
ARW27-1,ARW27,1,Yes
ARW27-NK,ARW27,?,Not known
ARW28-0,ARW28,0,No
ARW28-1,ARW28,1,Yes
ARW28-NK,ARW28,?,Not known
ARW29-0,ARW29,0,No
ARW29-1,ARW29,1,Yes
ARW29-NK,ARW29,?,Not known
ARW3-0,ARW3,0,No
ARW3-1,ARW3,1,Yes
ARW3-1-03-0,ARW3-1-03,0,No
ARW3-1-03-1,ARW3-1-03,1,Yes
ARW3-1-03-NK,ARW3-1-03,?,Not known
ARW3-1-04a-0,ARW3-1-04a,0,No
ARW3-1-04a-1,ARW3-1-04a,1,Yes
ARW3-1-04a-NK,ARW3-1-04a,?,Not known
ARW3-1-05a-0,ARW3-1-05a,0,No
ARW3-1-05a-1,ARW3-1-05a,1,Yes
ARW3-1-05a-NK,ARW3-1-05a,?,Not known
ARW3-1-06-0,ARW3-1-06,0,No
ARW3-1-06-1,ARW3-1-06,1,Yes
ARW3-1-06-NK,ARW3-1-06,?,Not known
ARW3-2-01a-0,ARW3-2-01a,0,No
ARW3-2-01a-1,ARW3-2-01a,1,Yes
ARW3-2-01a-NK,ARW3-2-01a,?,Not known
ARW3-2-02a-0,ARW3-2-02a,0,No
ARW3-2-02a-1,ARW3-2-02a,1,Yes
ARW3-2-02a-NK,ARW3-2-02a,?,Not known
ARW3-2-02b-0,ARW3-2-02b,0,No
ARW3-2-02b-1,ARW3-2-02b,1,Yes
ARW3-2-02b-NK,ARW3-2-02b,?,Not known
ARW3-2-02c-0,ARW3-2-02c,0,No
ARW3-2-02c-1,ARW3-2-02c,1,Yes
ARW3-2-02c-NK,ARW3-2-02c,?,Not known
ARW3-2-10-0,ARW3-2-10,0,No
ARW3-2-10-1,ARW3-2-10,1,Yes
ARW3-2-10-NK,ARW3-2-10,?,Not known
ARW3-2-11-0,ARW3-2-11,0,No
ARW3-2-11-1,ARW3-2-11,1,Yes
ARW3-2-11-NK,ARW3-2-11,?,Not known
ARW3-2-12-0,ARW3-2-12,0,No
ARW3-2-12-1,ARW3-2-12,1,Yes
ARW3-2-12-NK,ARW3-2-12,?,Not known
ARW3-3-07-0,ARW3-3-07,0,No
ARW3-3-07-1,ARW3-3-07,1,Yes
ARW3-3-07-NK,ARW3-3-07,?,Not known
ARW3-3-08-0,ARW3-3-08,0,No
ARW3-3-08-1,ARW3-3-08,1,Yes
ARW3-3-08-NK,ARW3-3-08,?,Not known
ARW3-3-09-0,ARW3-3-09,0,No
ARW3-3-09-1,ARW3-3-09,1,Yes
ARW3-3-09-NK,ARW3-3-09,?,Not known
ARW3-3-10-0,ARW3-3-10,0,No
ARW3-3-10-1,ARW3-3-10,1,Yes
ARW3-3-10-NK,ARW3-3-10,?,Not known
ARW3-3-11-0,ARW3-3-11,0,No
ARW3-3-11-1,ARW3-3-11,1,Yes
ARW3-3-11-NK,ARW3-3-11,?,Not known
ARW3-3-12-0,ARW3-3-12,0,No
ARW3-3-12-1,ARW3-3-12,1,Yes
ARW3-3-12-NK,ARW3-3-12,?,Not known
ARW3-3-15-0,ARW3-3-15,0,No
ARW3-3-15-1,ARW3-3-15,1,Yes
ARW3-3-15-NK,ARW3-3-15,?,Not known
ARW3-3-16-0,ARW3-3-16,0,No
ARW3-3-16-1,ARW3-3-16,1,Yes
ARW3-3-16-NK,ARW3-3-16,?,Not known
ARW3-3-17-0,ARW3-3-17,0,No
ARW3-3-17-1,ARW3-3-17,1,Yes
ARW3-3-17-NK,ARW3-3-17,?,Not known
ARW3-3-18-0,ARW3-3-18,0,No
ARW3-3-18-1,ARW3-3-18,1,Yes
ARW3-3-18-NK,ARW3-3-18,?,Not known
ARW3-3-21-0,ARW3-3-21,0,No
ARW3-3-21-1,ARW3-3-21,1,Yes
ARW3-3-21-NK,ARW3-3-21,?,Not known
ARW3-3-22-0,ARW3-3-22,0,No
ARW3-3-22-1,ARW3-3-22,1,Yes
ARW3-3-22-NK,ARW3-3-22,?,Not known
ARW3-3-23-0,ARW3-3-23,0,No
ARW3-3-23-1,ARW3-3-23,1,Yes
ARW3-3-23-NK,ARW3-3-23,?,Not known
ARW3-3-24-0,ARW3-3-24,0,No
ARW3-3-24-1,ARW3-3-24,1,Yes
ARW3-3-24-NK,ARW3-3-24,?,Not known
ARW3-4-02-0,ARW3-4-02,0,No
ARW3-4-02-1,ARW3-4-02,1,Yes
ARW3-4-02-NK,ARW3-4-02,?,Not known
ARW3-4-02a-0,ARW3-4-02a,0,No
ARW3-4-02a-1,ARW3-4-02a,1,Yes
ARW3-4-02a-NK,ARW3-4-02a,?,Not known
ARW3-4-03-0,ARW3-4-03,0,No
ARW3-4-03-1,ARW3-4-03,1,Yes
ARW3-4-03-NK,ARW3-4-03,?,Not known
ARW3-4-04-0,ARW3-4-04,0,No
ARW3-4-04-1,ARW3-4-04,1,Yes
ARW3-4-04-NK,ARW3-4-04,?,Not known
ARW3-5-02-0,ARW3-5-02,0,No
ARW3-5-02-1,ARW3-5-02,1,Yes
ARW3-5-02-NK,ARW3-5-02,?,Not known
ARW3-5-04-0,ARW3-5-04,0,No
ARW3-5-04-1,ARW3-5-04,1,Yes
ARW3-5-04-NK,ARW3-5-04,?,Not known
ARW3-5-05a-0,ARW3-5-05a,0,No
ARW3-5-05a-1,ARW3-5-05a,1,Yes
ARW3-5-05a-NK,ARW3-5-05a,?,Not known
ARW3-6-01-0,ARW3-6-01,0,No
ARW3-6-01-1,ARW3-6-01,1,Yes
ARW3-6-01-NK,ARW3-6-01,?,Not known
ARW3-6-01a-0,ARW3-6-01a,0,No
ARW3-6-01a-1,ARW3-6-01a,1,Yes
ARW3-6-01a-NK,ARW3-6-01a,?,Not known
ARW3-6-02-0,ARW3-6-02,0,No
ARW3-6-02-1,ARW3-6-02,1,Yes
ARW3-6-02-NK,ARW3-6-02,?,Not known
ARW3-6-03-0,ARW3-6-03,0,No
ARW3-6-03-1,ARW3-6-03,1,Yes
ARW3-6-03-NK,ARW3-6-03,?,Not known
ARW3-6-04-0,ARW3-6-04,0,No
ARW3-6-04-1,ARW3-6-04,1,Yes
ARW3-6-04-NK,ARW3-6-04,?,Not known
ARW3-6-05-0,ARW3-6-05,0,No
ARW3-6-05-1,ARW3-6-05,1,Yes
ARW3-6-05-NK,ARW3-6-05,?,Not known
ARW3-6-06-0,ARW3-6-06,0,No
ARW3-6-06-1,ARW3-6-06,1,Yes
ARW3-6-06-NK,ARW3-6-06,?,Not known
ARW3-6-07-0,ARW3-6-07,0,No
ARW3-6-07-1,ARW3-6-07,1,Yes
ARW3-6-07-NK,ARW3-6-07,?,Not known
ARW3-6-08-0,ARW3-6-08,0,No
ARW3-6-08-1,ARW3-6-08,1,Yes
ARW3-6-08-NK,ARW3-6-08,?,Not known
ARW3-7-01-0,ARW3-7-01,0,No
ARW3-7-01-1,ARW3-7-01,1,Yes
ARW3-7-01-NK,ARW3-7-01,?,Not known
ARW3-7-03-0,ARW3-7-03,0,No
ARW3-7-03-1,ARW3-7-03,1,Yes
ARW3-7-03-NK,ARW3-7-03,?,Not known
ARW3-7-04a-0,ARW3-7-04a,0,No
ARW3-7-04a-1,ARW3-7-04a,1,Yes
ARW3-7-04a-NK,ARW3-7-04a,?,Not known
ARW3-7-04b-0,ARW3-7-04b,0,No
ARW3-7-04b-1,ARW3-7-04b,1,Yes
ARW3-7-04b-NK,ARW3-7-04b,?,Not known
ARW3-7-04c-0,ARW3-7-04c,0,No
ARW3-7-04c-1,ARW3-7-04c,1,Yes
ARW3-7-04c-NK,ARW3-7-04c,?,Not known
ARW3-7-05-0,ARW3-7-05,0,No
ARW3-7-05-1,ARW3-7-05,1,Yes
ARW3-7-05-NK,ARW3-7-05,?,Not known
ARW3-7-06-0,ARW3-7-06,0,No
ARW3-7-06-1,ARW3-7-06,1,Yes
ARW3-7-06-NK,ARW3-7-06,?,Not known
ARW3-7-07a-0,ARW3-7-07a,0,No
ARW3-7-07a-1,ARW3-7-07a,1,Yes
ARW3-7-07a-NK,ARW3-7-07a,?,Not known
ARW3-7-08-0,ARW3-7-08,0,No
ARW3-7-08-1,ARW3-7-08,1,Yes
ARW3-7-08-NK,ARW3-7-08,?,Not known
ARW3-8-01-0,ARW3-8-01,0,No
ARW3-8-01-1,ARW3-8-01,1,Yes
ARW3-8-01-NK,ARW3-8-01,?,Not known
ARW3-8-02-0,ARW3-8-02,0,No
ARW3-8-02-1,ARW3-8-02,1,Yes
ARW3-8-02-NK,ARW3-8-02,?,Not known
ARW3-8-03-0,ARW3-8-03,0,No
ARW3-8-03-1,ARW3-8-03,1,Yes
ARW3-8-03-NK,ARW3-8-03,?,Not known
ARW3-8-04-0,ARW3-8-04,0,No
ARW3-8-04-1,ARW3-8-04,1,Yes
ARW3-8-04-NK,ARW3-8-04,?,Not known
ARW3-NK,ARW3,?,Not known
ARW30-0,ARW30,0,No
ARW30-1,ARW30,1,Yes
ARW30-NK,ARW30,?,Not known
ARW31-0,ARW31,0,No
ARW31-1,ARW31,1,Yes
ARW31-NK,ARW31,?,Not known
ARW32-0,ARW32,0,No
ARW32-1,ARW32,1,Yes
ARW32-NK,ARW32,?,Not known
ARW33-0,ARW33,0,No
ARW33-1,ARW33,1,Yes
ARW33-NK,ARW33,?,Not known
ARW34-0,ARW34,0,No
ARW34-1,ARW34,1,Yes
ARW34-NK,ARW34,?,Not known
ARW35-0,ARW35,0,No
ARW35-1,ARW35,1,Yes
ARW35-NK,ARW35,?,Not known
ARW36-0,ARW36,0,No
ARW36-1,ARW36,1,Yes
ARW36-NK,ARW36,?,Not known
ARW37-0,ARW37,0,No
ARW37-1,ARW37,1,Yes
ARW37-NK,ARW37,?,Not known
ARW38-0,ARW38,0,No
ARW38-1,ARW38,1,Yes
ARW38-NK,ARW38,?,Not known
ARW39-0,ARW39,0,No
ARW39-1,ARW39,1,Yes
ARW39-NK,ARW39,?,Not known
ARW4-0,ARW4,0,No
ARW4-1,ARW4,1,Yes
ARW4-1-01-0,ARW4-1-01,0,No
ARW4-1-01-1,ARW4-1-01,1,Yes
ARW4-1-01-NK,ARW4-1-01,?,Not known
ARW4-1-02-0,ARW4-1-02,0,No
ARW4-1-02-1,ARW4-1-02,1,Yes
ARW4-1-02-NK,ARW4-1-02,?,Not known
ARW4-1-03-0,ARW4-1-03,0,No
ARW4-1-03-1,ARW4-1-03,1,Yes
ARW4-1-03-NK,ARW4-1-03,?,Not known
ARW4-1-04-0,ARW4-1-04,0,No
ARW4-1-04-1,ARW4-1-04,1,Yes
ARW4-1-04-NK,ARW4-1-04,?,Not known
ARW4-1-05-0,ARW4-1-05,0,No
ARW4-1-05-1,ARW4-1-05,1,Yes
ARW4-1-05-NK,ARW4-1-05,?,Not known
ARW4-1-05a-0,ARW4-1-05a,0,No
ARW4-1-05a-1,ARW4-1-05a,1,Yes
ARW4-1-05a-NK,ARW4-1-05a,?,Not known
ARW4-1-05b-0,ARW4-1-05b,0,No
ARW4-1-05b-1,ARW4-1-05b,1,Yes
ARW4-1-05b-NK,ARW4-1-05b,?,Not known
ARW4-1-06-0,ARW4-1-06,0,No
ARW4-1-06-1,ARW4-1-06,1,Yes
ARW4-1-06-NK,ARW4-1-06,?,Not known
ARW4-1-07-0,ARW4-1-07,0,No
ARW4-1-07-1,ARW4-1-07,1,Yes
ARW4-1-07-NK,ARW4-1-07,?,Not known
ARW4-1-08-0,ARW4-1-08,0,No
ARW4-1-08-1,ARW4-1-08,1,Yes
ARW4-1-08-NK,ARW4-1-08,?,Not known
ARW4-1-09-0,ARW4-1-09,0,No
ARW4-1-09-1,ARW4-1-09,1,Yes
ARW4-1-09-NK,ARW4-1-09,?,Not known
ARW4-1-10-0,ARW4-1-10,0,No
ARW4-1-10-1,ARW4-1-10,1,Yes
ARW4-1-10-NK,ARW4-1-10,?,Not known
ARW4-2-01-0,ARW4-2-01,0,No
ARW4-2-01-1,ARW4-2-01,1,Yes
ARW4-2-01-NK,ARW4-2-01,?,Not known
ARW4-2-02-0,ARW4-2-02,0,No
ARW4-2-02-1,ARW4-2-02,1,Yes
ARW4-2-02-NK,ARW4-2-02,?,Not known
ARW4-2-03-0,ARW4-2-03,0,No
ARW4-2-03-1,ARW4-2-03,1,Yes
ARW4-2-03-NK,ARW4-2-03,?,Not known
ARW4-2-04-0,ARW4-2-04,0,No
ARW4-2-04-1,ARW4-2-04,1,Yes
ARW4-2-04-NK,ARW4-2-04,?,Not known
ARW4-2-05-0,ARW4-2-05,0,No
ARW4-2-05-1,ARW4-2-05,1,Yes
ARW4-2-05-NK,ARW4-2-05,?,Not known
ARW4-2-06-0,ARW4-2-06,0,No
ARW4-2-06-1,ARW4-2-06,1,Yes
ARW4-2-06-NK,ARW4-2-06,?,Not known
ARW4-2a-01-0,ARW4-2a-01,0,No
ARW4-2a-01-1,ARW4-2a-01,1,Yes
ARW4-2a-01-NK,ARW4-2a-01,?,Not known
ARW4-2a-02-0,ARW4-2a-02,0,No
ARW4-2a-02-1,ARW4-2a-02,1,Yes
ARW4-2a-02-NK,ARW4-2a-02,?,Not known
ARW4-2a-03-0,ARW4-2a-03,0,No
ARW4-2a-03-1,ARW4-2a-03,1,Yes
ARW4-2a-03-NK,ARW4-2a-03,?,Not known
ARW4-2a-04-0,ARW4-2a-04,0,No
ARW4-2a-04-1,ARW4-2a-04,1,Yes
ARW4-2a-04-NK,ARW4-2a-04,?,Not known
ARW4-3-01-0,ARW4-3-01,0,No
ARW4-3-01-1,ARW4-3-01,1,Yes
ARW4-3-01-NK,ARW4-3-01,?,Not known
ARW4-3-02-0,ARW4-3-02,0,No
ARW4-3-02-1,ARW4-3-02,1,Yes
ARW4-3-02-NK,ARW4-3-02,?,Not known
ARW4-3-03-0,ARW4-3-03,0,No
ARW4-3-03-1,ARW4-3-03,1,Yes
ARW4-3-03-NK,ARW4-3-03,?,Not known
ARW4-3-04-0,ARW4-3-04,0,No
ARW4-3-04-1,ARW4-3-04,1,Yes
ARW4-3-04-NK,ARW4-3-04,?,Not known
ARW4-3-05a-0,ARW4-3-05a,0,No
ARW4-3-05a-1,ARW4-3-05a,1,Yes
ARW4-3-05a-NK,ARW4-3-05a,?,Not known
ARW4-3-07-0,ARW4-3-07,0,No
ARW4-3-07-1,ARW4-3-07,1,Yes
ARW4-3-07-NK,ARW4-3-07,?,Not known
ARW4-3-08-0,ARW4-3-08,0,No
ARW4-3-08-1,ARW4-3-08,1,Yes
ARW4-3-08-NK,ARW4-3-08,?,Not known
ARW4-3-08a-0,ARW4-3-08a,0,No
ARW4-3-08a-1,ARW4-3-08a,1,Yes
ARW4-3-08a-NK,ARW4-3-08a,?,Not known
ARW4-3-09a-0,ARW4-3-09a,0,No
ARW4-3-09a-1,ARW4-3-09a,1,Yes
ARW4-3-09a-NK,ARW4-3-09a,?,Not known
ARW4-3-09b-0,ARW4-3-09b,0,No
ARW4-3-09b-1,ARW4-3-09b,1,Yes
ARW4-3-09b-NK,ARW4-3-09b,?,Not known
ARW4-3-09c-0,ARW4-3-09c,0,No
ARW4-3-09c-1,ARW4-3-09c,1,Yes
ARW4-3-09c-NK,ARW4-3-09c,?,Not known
ARW4-3-09d-0,ARW4-3-09d,0,No
ARW4-3-09d-1,ARW4-3-09d,1,Yes
ARW4-3-09d-NK,ARW4-3-09d,?,Not known
ARW4-3-11-0,ARW4-3-11,0,No
ARW4-3-11-1,ARW4-3-11,1,Yes
ARW4-3-11-NK,ARW4-3-11,?,Not known
ARW4-4-01-0,ARW4-4-01,0,No
ARW4-4-01-1,ARW4-4-01,1,Yes
ARW4-4-01-NK,ARW4-4-01,?,Not known
ARW4-4-02-0,ARW4-4-02,0,No
ARW4-4-02-1,ARW4-4-02,1,Yes
ARW4-4-02-NK,ARW4-4-02,?,Not known
ARW4-4-03-0,ARW4-4-03,0,No
ARW4-4-03-1,ARW4-4-03,1,Yes
ARW4-4-03-NK,ARW4-4-03,?,Not known
ARW4-5-03-0,ARW4-5-03,0,No
ARW4-5-03-1,ARW4-5-03,1,Yes
ARW4-5-03-NK,ARW4-5-03,?,Not known
ARW4-5-05-0,ARW4-5-05,0,No
ARW4-5-05-1,ARW4-5-05,1,Yes
ARW4-5-05-NK,ARW4-5-05,?,Not known
ARW4-5-06-0,ARW4-5-06,0,No
ARW4-5-06-1,ARW4-5-06,1,Yes
ARW4-5-06-NK,ARW4-5-06,?,Not known
ARW4-5-07-0,ARW4-5-07,0,No
ARW4-5-07-1,ARW4-5-07,1,Yes
ARW4-5-07-NK,ARW4-5-07,?,Not known
ARW4-NK,ARW4,?,Not known
ARW40-0,ARW40,0,No
ARW40-1,ARW40,1,Yes
ARW40-NK,ARW40,?,Not known
ARW41-0,ARW41,0,No
ARW41-1,ARW41,1,Yes
ARW41-NK,ARW41,?,Not known
ARW42-0,ARW42,0,No
ARW42-1,ARW42,1,Yes
ARW42-NK,ARW42,?,Not known
ARW43-0,ARW43,0,No
ARW43-1,ARW43,1,Yes
ARW43-NK,ARW43,?,Not known
ARW44-0,ARW44,0,No
ARW44-1,ARW44,1,Yes
ARW44-NK,ARW44,?,Not known
ARW45-0,ARW45,0,No
ARW45-1,ARW45,1,Yes
ARW45-NK,ARW45,?,Not known
ARW46-0,ARW46,0,No
ARW46-1,ARW46,1,Yes
ARW46-NK,ARW46,?,Not known
ARW47-0,ARW47,0,No
ARW47-1,ARW47,1,Yes
ARW47-NK,ARW47,?,Not known
ARW48-0,ARW48,0,No
ARW48-1,ARW48,1,Yes
ARW48-NK,ARW48,?,Not known
ARW49-0,ARW49,0,No
ARW49-1,ARW49,1,Yes
ARW49-NK,ARW49,?,Not known
ARW5-0,ARW5,0,No
ARW5-1,ARW5,1,Yes
ARW5-2-01-0,ARW5-2-01,0,No
ARW5-2-01-1,ARW5-2-01,1,Yes
ARW5-2-01-NK,ARW5-2-01,?,Not known
ARW5-2-02-0,ARW5-2-02,0,No
ARW5-2-02-1,ARW5-2-02,1,Yes
ARW5-2-02-NK,ARW5-2-02,?,Not known
ARW5-2-03-0,ARW5-2-03,0,No
ARW5-2-03-1,ARW5-2-03,1,Yes
ARW5-2-03-NK,ARW5-2-03,?,Not known
ARW5-2-04-0,ARW5-2-04,0,No
ARW5-2-04-1,ARW5-2-04,1,Yes
ARW5-2-04-NK,ARW5-2-04,?,Not known
ARW5-2-05-0,ARW5-2-05,0,No
ARW5-2-05-1,ARW5-2-05,1,Yes
ARW5-2-05-NK,ARW5-2-05,?,Not known
ARW5-2-06-0,ARW5-2-06,0,No
ARW5-2-06-1,ARW5-2-06,1,Yes
ARW5-2-06-NK,ARW5-2-06,?,Not known
ARW5-2-07-0,ARW5-2-07,0,No
ARW5-2-07-1,ARW5-2-07,1,Yes
ARW5-2-07-NK,ARW5-2-07,?,Not known
ARW5-2-08-0,ARW5-2-08,0,No
ARW5-2-08-1,ARW5-2-08,1,Yes
ARW5-2-08-NK,ARW5-2-08,?,Not known
ARW5-2-09-0,ARW5-2-09,0,No
ARW5-2-09-1,ARW5-2-09,1,Yes
ARW5-2-09-NK,ARW5-2-09,?,Not known
ARW5-2-10-0,ARW5-2-10,0,No
ARW5-2-10-1,ARW5-2-10,1,Yes
ARW5-2-10-NK,ARW5-2-10,?,Not known
ARW5-2-11-0,ARW5-2-11,0,No
ARW5-2-11-1,ARW5-2-11,1,Yes
ARW5-2-11-NK,ARW5-2-11,?,Not known
ARW5-2-12-0,ARW5-2-12,0,No
ARW5-2-12-1,ARW5-2-12,1,Yes
ARW5-2-12-NK,ARW5-2-12,?,Not known
ARW5-NK,ARW5,?,Not known
ARW50-0,ARW50,0,No
ARW50-1,ARW50,1,Yes
ARW50-NK,ARW50,?,Not known
ARW51-0,ARW51,0,No
ARW51-1,ARW51,1,Yes
ARW51-NK,ARW51,?,Not known
ARW52-0,ARW52,0,No
ARW52-1,ARW52,1,Yes
ARW52-NK,ARW52,?,Not known
ARW53-0,ARW53,0,No
ARW53-1,ARW53,1,Yes
ARW53-NK,ARW53,?,Not known
ARW54-0,ARW54,0,No
ARW54-1,ARW54,1,Yes
ARW54-NK,ARW54,?,Not known
ARW55-0,ARW55,0,No
ARW55-1,ARW55,1,Yes
ARW55-NK,ARW55,?,Not known
ARW56-0,ARW56,0,No
ARW56-1,ARW56,1,Yes
ARW56-NK,ARW56,?,Not known
ARW57-0,ARW57,0,No
ARW57-1,ARW57,1,Yes
ARW57-NK,ARW57,?,Not known
ARW58-0,ARW58,0,No
ARW58-1,ARW58,1,Yes
ARW58-NK,ARW58,?,Not known
ARW59-0,ARW59,0,No
ARW59-1,ARW59,1,Yes
ARW59-NK,ARW59,?,Not known
ARW6-0,ARW6,0,No
ARW6-1,ARW6,1,Yes
ARW6-NK,ARW6,?,Not known
ARW60-0,ARW60,0,No
ARW60-1,ARW60,1,Yes
ARW60-NK,ARW60,?,Not known
ARW61-0,ARW61,0,No
ARW61-1,ARW61,1,Yes
ARW61-NK,ARW61,?,Not known
ARW62-0,ARW62,0,No
ARW62-1,ARW62,1,Yes
ARW62-NK,ARW62,?,Not known
ARW63-0,ARW63,0,No
ARW63-1,ARW63,1,Yes
ARW63-NK,ARW63,?,Not known
ARW64-0,ARW64,0,No
ARW64-1,ARW64,1,Yes
ARW64-NK,ARW64,?,Not known
ARW65-0,ARW65,0,No
ARW65-1,ARW65,1,Yes
ARW65-NK,ARW65,?,Not known
ARW66-0,ARW66,0,No
ARW66-1,ARW66,1,Yes
ARW66-NK,ARW66,?,Not known
ARW67-0,ARW67,0,No
ARW67-1,ARW67,1,Yes
ARW67-NK,ARW67,?,Not known
ARW68-0,ARW68,0,No
ARW68-1,ARW68,1,Yes
ARW68-NK,ARW68,?,Not known
ARW69-0,ARW69,0,No
ARW69-1,ARW69,1,Yes
ARW69-NK,ARW69,?,Not known
ARW7-0,ARW7,0,No
ARW7-1,ARW7,1,Yes
ARW7-NK,ARW7,?,Not known
ARW70-0,ARW70,0,No
ARW70-1,ARW70,1,Yes
ARW70-NK,ARW70,?,Not known
ARW71-0,ARW71,0,No
ARW71-1,ARW71,1,Yes
ARW71-NK,ARW71,?,Not known
ARW72-0,ARW72,0,No
ARW72-1,ARW72,1,Yes
ARW72-NK,ARW72,?,Not known
ARW73-0,ARW73,0,No
ARW73-1,ARW73,1,Yes
ARW73-NK,ARW73,?,Not known
ARW8-0,ARW8,0,No
ARW8-1,ARW8,1,Yes
ARW8-NK,ARW8,?,Not known
ARW9-0,ARW9,0,No
ARW9-1,ARW9,1,Yes
ARW9-NK,ARW9,?,Not known
FFQ1-NK,FFQ1,?,not known
FFQ1-N,FFQ1,N,no
FFQ1-Y,FFQ1,Y,yes
FFQ10-NK,FFQ10,?,not known
FFQ10-N,FFQ10,N,no
FFQ10-Y,FFQ10,Y,yes
FFQ11-NK,FFQ11,?,not known
FFQ11-N,FFQ11,N,no
FFQ11-Y,FFQ11,Y,yes
FFQ12-NK,FFQ12,?,not known
FFQ12-N,FFQ12,N,no
FFQ12-Y,FFQ12,Y,yes
FFQ13-NK,FFQ13,?,not known
FFQ13-N,FFQ13,N,no
FFQ13-Y,FFQ13,Y,yes
FFQ14-NK,FFQ14,?,not known
FFQ14-N,FFQ14,N,no
FFQ14-Y,FFQ14,Y,yes
FFQ15-NK,FFQ15,?,Not known
FFQ15-A,FFQ15,A,small (0-4)
FFQ15-B,FFQ15,B,medium (5-6)
FFQ15-C,FFQ15,C,large (7 and higher)
FFQ16-NK,FFQ16,?,not known
FFQ16-N,FFQ16,N,no
FFQ16-Y,FFQ16,Y,yes
FFQ17-NK,FFQ17,?,not known
FFQ17-N,FFQ17,N,no
FFQ17-Y,FFQ17,Y,yes
FFQ18-NK,FFQ18,?,not known
FFQ18-N,FFQ18,N,no
FFQ18-Y,FFQ18,Y,yes
FFQ19-NK,FFQ19,?,not known
FFQ19-N,FFQ19,N,no
FFQ19-Y,FFQ19,Y,yes
FFQ2-NK,FFQ2,?,not known
FFQ2-N,FFQ2,N,no
FFQ2-Y,FFQ2,Y,yes
FFQ20-NK,FFQ20,?,not known
FFQ20-N,FFQ20,N,no
FFQ20-Y,FFQ20,Y,yes
FFQ21-NK,FFQ21,?,Not known
FFQ21-A,FFQ21,A,AN
FFQ21-B,FFQ21,B,variable
FFQ21-C,FFQ21,C,NA
FFQ22-NK,FFQ22,?,not known
FFQ22-N,FFQ22,N,no
FFQ22-Y,FFQ22,Y,yes
FFQ23-NK,FFQ23,?,not known
FFQ23-N,FFQ23,N,no
FFQ23-Y,FFQ23,Y,yes
FFQ3-NK,FFQ3,?,not known
FFQ3-N,FFQ3,N,no
FFQ3-Y,FFQ3,Y,yes
FFQ4-NK,FFQ4,?,not known
FFQ4-N,FFQ4,N,no
FFQ4-Y,FFQ4,Y,yes
FFQ5-NK,FFQ5,?,not known
FFQ5-N,FFQ5,N,no
FFQ5-Y,FFQ5,Y,yes
FFQ6-NK,FFQ6,?,not known
FFQ6-N,FFQ6,N,no
FFQ6-Y,FFQ6,Y,yes
FFQ7-NK,FFQ7,?,not known
FFQ7-N,FFQ7,N,no
FFQ7-Y,FFQ7,Y,yes
FFQ8-NK,FFQ8,?,Not known
FFQ8-A,FFQ8,A,0
FFQ8-B,FFQ8,B,1
FFQ8-C,FFQ8,C,>1
FFQ9-NK,FFQ9,?,Not known
FFQ9-A,FFQ9,A,< One third of consonants
FFQ9-B,FFQ9,B,Between one third and two thirds
FFQ9-C,FFQ9,C,> More thean two thirds
ICS1-0,ICS1,0,No
ICS1-1,ICS1,1,Yes
ICS1-NK,ICS1,?,Not known
ICS10-0,ICS10,0,No
ICS10-1,ICS10,1,Yes
ICS10-NK,ICS10,?,Not known
ICS11-0,ICS11,0,No
ICS11-1,ICS11,1,Yes
ICS11-NK,ICS11,?,Not known
ICS12-0,ICS12,0,No
ICS12-1,ICS12,1,Yes
ICS12-NK,ICS12,?,Not known
ICS13-0,ICS13,0,No
ICS13-1,ICS13,1,Yes
ICS13-NK,ICS13,?,Not known
ICS14-0,ICS14,0,No
ICS14-1,ICS14,1,Yes
ICS14-NK,ICS14,?,Not known
ICS15-0,ICS15,0,No
ICS15-1,ICS15,1,Yes
ICS15-NK,ICS15,?,Not known
ICS16-0,ICS16,0,No
ICS16-1,ICS16,1,Yes
ICS16-NK,ICS16,?,Not known
ICS17-0,ICS17,0,No
ICS17-1,ICS17,1,Yes
ICS17-NK,ICS17,?,Not known
ICS18-0,ICS18,0,No
ICS18-1,ICS18,1,Yes
ICS18-NK,ICS18,?,Not known
ICS19-0,ICS19,0,No
ICS19-1,ICS19,1,Yes
ICS19-NK,ICS19,?,Not known
ICS2-0,ICS2,0,No
ICS2-1,ICS2,1,Yes
ICS2-NK,ICS2,?,Not known
ICS20-0,ICS20,0,No
ICS20-1,ICS20,1,Yes
ICS20-NK,ICS20,?,Not known
ICS21-0,ICS21,0,No
ICS21-1,ICS21,1,Yes
ICS21-NK,ICS21,?,Not known
ICS22-0,ICS22,0,No
ICS22-1,ICS22,1,Yes
ICS22-NK,ICS22,?,Not known
ICS23-0,ICS23,0,No
ICS23-1,ICS23,1,Yes
ICS23-NK,ICS23,?,Not known
ICS24-0,ICS24,0,No
ICS24-1,ICS24,1,Yes
ICS24-NK,ICS24,?,Not known
ICS25-0,ICS25,0,No
ICS25-1,ICS25,1,Yes
ICS25-NK,ICS25,?,Not known
ICS26-0,ICS26,0,No
ICS26-1,ICS26,1,Yes
ICS26-NK,ICS26,?,Not known
ICS27-0,ICS27,0,No
ICS27-1,ICS27,1,Yes
ICS27-NK,ICS27,?,Not known
ICS28-0,ICS28,0,No
ICS28-1,ICS28,1,Yes
ICS28-NK,ICS28,?,Not known
ICS29-0,ICS29,0,No
ICS29-1,ICS29,1,Yes
ICS29-NK,ICS29,?,Not known
ICS3-0,ICS3,0,No
ICS3-1,ICS3,1,Yes
ICS3-NK,ICS3,?,Not known
ICS30-0,ICS30,0,No
ICS30-1,ICS30,1,Yes
ICS30-NK,ICS30,?,Not known
ICS31-0,ICS31,0,No
ICS31-1,ICS31,1,Yes
ICS31-NK,ICS31,?,Not known
ICS32-0,ICS32,0,No
ICS32-1,ICS32,1,Yes
ICS32-NK,ICS32,?,Not known
ICS33-0,ICS33,0,No
ICS33-1,ICS33,1,Yes
ICS33-NK,ICS33,?,Not known
ICS34-0,ICS34,0,No
ICS34-1,ICS34,1,Yes
ICS34-NK,ICS34,?,Not known
ICS35-0,ICS35,0,No
ICS35-1,ICS35,1,Yes
ICS35-NK,ICS35,?,Not known
ICS36-0,ICS36,0,No
ICS36-1,ICS36,1,Yes
ICS36-NK,ICS36,?,Not known
ICS37-0,ICS37,0,No
ICS37-1,ICS37,1,Yes
ICS37-NK,ICS37,?,Not known
ICS38-0,ICS38,0,No
ICS38-1,ICS38,1,Yes
ICS38-NK,ICS38,?,Not known
ICS39-0,ICS39,0,No
ICS39-1,ICS39,1,Yes
ICS39-NK,ICS39,?,Not known
ICS4-0,ICS4,0,No
ICS4-1,ICS4,1,Yes
ICS4-NK,ICS4,?,Not known
ICS40-0,ICS40,0,No
ICS40-1,ICS40,1,Yes
ICS40-NK,ICS40,?,Not known
ICS41-0,ICS41,0,No
ICS41-1,ICS41,1,Yes
ICS41-NK,ICS41,?,Not known
ICS42-0,ICS42,0,No
ICS42-1,ICS42,1,Yes
ICS42-NK,ICS42,?,Not known
ICS43-0,ICS43,0,No
ICS43-1,ICS43,1,Yes
ICS43-NK,ICS43,?,Not known
ICS44-0,ICS44,0,No
ICS44-1,ICS44,1,Yes
ICS44-NK,ICS44,?,Not known
ICS5-0,ICS5,0,No
ICS5-1,ICS5,1,Yes
ICS5-NK,ICS5,?,Not known
ICS6-0,ICS6,0,No
ICS6-1,ICS6,1,Yes
ICS6-NK,ICS6,?,Not known
ICS7-0,ICS7,0,No
ICS7-1,ICS7,1,Yes
ICS7-NK,ICS7,?,Not known
ICS8-0,ICS8,0,No
ICS8-1,ICS8,1,Yes
ICS8-NK,ICS8,?,Not known
ICS9-0,ICS9,0,No
ICS9-1,ICS9,1,Yes
ICS9-NK,ICS9,?,Not known
ICU1-0,ICU1,0,No
ICU1-1,ICU1,1,Yes
ICU1-NK,ICU1,?,Not known
ICU10-0,ICU10,0,No
ICU10-1,ICU10,1,Yes
ICU10-NK,ICU10,?,Not known
ICU11-0,ICU11,0,No
ICU11-1,ICU11,1,Yes
ICU11-NK,ICU11,?,Not known
ICU12-0,ICU12,0,No
ICU12-1,ICU12,1,Yes
ICU12-NK,ICU12,?,Not known
ICU13-0,ICU13,0,No
ICU13-1,ICU13,1,Yes
ICU13-NK,ICU13,?,Not known
ICU14-0,ICU14,0,No
ICU14-1,ICU14,1,Yes
ICU14-NK,ICU14,?,Not known
ICU15-0,ICU15,0,No
ICU15-1,ICU15,1,Yes
ICU15-NK,ICU15,?,Not known
ICU16-0,ICU16,0,No
ICU16-1,ICU16,1,Yes
ICU16-NK,ICU16,?,Not known
ICU17-0,ICU17,0,No
ICU17-1,ICU17,1,Yes
ICU17-NK,ICU17,?,Not known
ICU18-0,ICU18,0,No
ICU18-1,ICU18,1,Yes
ICU18-NK,ICU18,?,Not known
ICU19-0,ICU19,0,No
ICU19-1,ICU19,1,Yes
ICU19-NK,ICU19,?,Not known
ICU2-0,ICU2,0,No
ICU2-1,ICU2,1,Yes
ICU2-NK,ICU2,?,Not known
ICU20-0,ICU20,0,No
ICU20-1,ICU20,1,Yes
ICU20-NK,ICU20,?,Not known
ICU21-0,ICU21,0,No
ICU21-1,ICU21,1,Yes
ICU21-NK,ICU21,?,Not known
ICU22-0,ICU22,0,No
ICU22-1,ICU22,1,Yes
ICU22-NK,ICU22,?,Not known
ICU23-0,ICU23,0,No
ICU23-1,ICU23,1,Yes
ICU23-NK,ICU23,?,Not known
ICU24-0,ICU24,0,No
ICU24-1,ICU24,1,Yes
ICU24-NK,ICU24,?,Not known
ICU25-0,ICU25,0,No
ICU25-1,ICU25,1,Yes
ICU25-NK,ICU25,?,Not known
ICU26-0,ICU26,0,No
ICU26-1,ICU26,1,Yes
ICU26-NK,ICU26,?,Not known
ICU27-0,ICU27,0,No
ICU27-1,ICU27,1,Yes
ICU27-NK,ICU27,?,Not known
ICU28-0,ICU28,0,No
ICU28-1,ICU28,1,Yes
ICU28-NK,ICU28,?,Not known
ICU29-0,ICU29,0,No
ICU29-1,ICU29,1,Yes
ICU29-NK,ICU29,?,Not known
ICU3-0,ICU3,0,No
ICU3-1,ICU3,1,Yes
ICU3-NK,ICU3,?,Not known
ICU30-0,ICU30,0,No
ICU30-1,ICU30,1,Yes
ICU30-NK,ICU30,?,Not known
ICU31-0,ICU31,0,No
ICU31-1,ICU31,1,Yes
ICU31-NK,ICU31,?,Not known
ICU32-0,ICU32,0,No
ICU32-1,ICU32,1,Yes
ICU32-NK,ICU32,?,Not known
ICU33-0,ICU33,0,No
ICU33-1,ICU33,1,Yes
ICU33-NK,ICU33,?,Not known
ICU34-0,ICU34,0,No
ICU34-1,ICU34,1,Yes
ICU34-NK,ICU34,?,Not known
ICU35-0,ICU35,0,No
ICU35-1,ICU35,1,Yes
ICU35-NK,ICU35,?,Not known
ICU36-0,ICU36,0,No
ICU36-1,ICU36,1,Yes
ICU36-NK,ICU36,?,Not known
ICU37-0,ICU37,0,No
ICU37-1,ICU37,1,Yes
ICU37-NK,ICU37,?,Not known
ICU38-0,ICU38,0,No
ICU38-1,ICU38,1,Yes
ICU38-NK,ICU38,?,Not known
ICU39-0,ICU39,0,No
ICU39-1,ICU39,1,Yes
ICU39-NK,ICU39,?,Not known
ICU4-0,ICU4,0,No
ICU4-1,ICU4,1,Yes
ICU4-NK,ICU4,?,Not known
ICU40-0,ICU40,0,No
ICU40-1,ICU40,1,Yes
ICU40-NK,ICU40,?,Not known
ICU41-0,ICU41,0,No
ICU41-1,ICU41,1,Yes
ICU41-NK,ICU41,?,Not known
ICU42-0,ICU42,0,No
ICU42-1,ICU42,1,Yes
ICU42-NK,ICU42,?,Not known
ICU43-0,ICU43,0,No
ICU43-1,ICU43,1,Yes
ICU43-NK,ICU43,?,Not known
ICU44-0,ICU44,0,No
ICU44-1,ICU44,1,Yes
ICU44-NK,ICU44,?,Not known
ICU45-0,ICU45,0,No
ICU45-1,ICU45,1,Yes
ICU45-NK,ICU45,?,Not known
ICU46-0,ICU46,0,No
ICU46-1,ICU46,1,Yes
ICU46-NK,ICU46,?,Not known
ICU5-0,ICU5,0,No
ICU5-1,ICU5,1,Yes
ICU5-NK,ICU5,?,Not known
ICU6-0,ICU6,0,No
ICU6-1,ICU6,1,Yes
ICU6-NK,ICU6,?,Not known
ICU7-0,ICU7,0,No
ICU7-1,ICU7,1,Yes
ICU7-NK,ICU7,?,Not known
ICU8-0,ICU8,0,No
ICU8-1,ICU8,1,Yes
ICU8-NK,ICU8,?,Not known
ICU9-0,ICU9,0,No
ICU9-1,ICU9,1,Yes
ICU9-NK,ICU9,?,Not known
NP1-NK,NP1,?,Not known
NP1-BOTH,NP1,BOTH,both orders with neither order dominant
NP1-SV,NP1,SV,
NP1-VS,NP1,VS,
NP10-0,NP10,0,no
NP10-1,NP10,1,yes
NP10-NK,NP10,?,Not known
NP1010-0,NP1010,0,no
NP1010-1,NP1010,1,yes
NP1010-NK,NP1010,?,Not known
NP1011-0,NP1011,0,no
NP1011-1,NP1011,1,yes
NP1011-NK,NP1011,?,Not known
NP1011-NA,NP1011,N/A,Not Applicable
NP1012-0,NP1012,0,no
NP1012-1,NP1012,1,yes
NP1012-NK,NP1012,?,Not known
NP1012-NA,NP1012,N/A,Not Applicable
NP1013-0,NP1013,0,no
NP1013-1,NP1013,1,yes
NP1013-NK,NP1013,?,Not known
NP1013-NA,NP1013,N/A,Not Applicable
NP1014-NK,NP1014,?,Not known
NP1014-A,NP1014,A,different
NP1014-B,NP1014,B,same
NP1014-C,NP1014,C,depends on the noun
NP1014-D,NP1014,D,there are no tense markers on verbs - nominal tense markers are (one of the) main means of tense marking
NP1014-NA,NP1014,N/A,Not Applicable
NP1015-NK,NP1015,?,Not known
NP1015-A,NP1015,A,not limited to certain nouns
NP1015-B,NP1015,B,limited to certain nouns
NP1015-NA,NP1015,N/A,Not Applicable
NP1020-0,NP1020,0,no
NP1020-1,NP1020,1,yes
NP1020-NK,NP1020,?,Not known
NP1021-0,NP1021,0,no
NP1021-1,NP1021,1,yes
NP1021-NK,NP1021,?,Not known
NP1021-NA,NP1021,N/A,Not Applicable
NP1022-0,NP1022,0,no
NP1022-1,NP1022,1,yes
NP1022-NK,NP1022,?,Not known
NP1022-NA,NP1022,N/A,Not Applicable
NP1023-NK,NP1023,?,Not known
NP1023-A,NP1023,A,different
NP1023-B,NP1023,B,same
NP1023-C,NP1023,C,depends on the noun
NP1023-D,NP1023,D,there are no tense markers on verbs - nominal tense markers are (one of the) main means of tense marking
NP1023-NA,NP1023,N/A,Not Applicable
NP1024-NK,NP1024,?,Not known
NP1024-A,NP1024,A,not limited to certain nouns
NP1024-B,NP1024,B,limited to certain nouns
NP1024-NA,NP1024,N/A,Not Applicable
NP11-0,NP11,0,no
NP11-1,NP11,1,yes
NP11-NK,NP11,?,Not known
NP110-NK,NP110,?,Not known
NP110-A,NP110,A,dem-N
NP110-B,NP110,B,N-dem
NP110-C,NP110,C,both orders with neither order dominant
NP110-D,NP110,D,both but for specific forms
NP110-E,NP110,E,both but depend on the characteristics of the nominal head
NP110-F,NP110,F,neither - demonstratives are not used adnominally
NP110-NA,NP110,N/A,not applicable
NP12-0,NP12,0,no
NP12-1,NP12,1,yes
NP12-NK,NP12,?,Not known
NP120-NK,NP120,?,Not known
NP120-A,NP120,A,num-N
NP120-B,NP120,B,N-num
NP120-C,NP120,C,both orders with neither order dominant
NP120-D,NP120,D,both but for specific forms
NP120-E,NP120,E,both but depend on the characteristics of the nominal head
NP120-F,NP120,F,"neither, numerals are not used adnominally"
NP13-1,NP13,1,interrogative-based indefinites (please mark if an element meaning 'also'is added)
NP13-2,NP13,2,Generic-noun-based indefinites
NP13-3,NP13,3,special indefinites
NP13-4,NP13,4,mixed indefinites
NP13-5,NP13,5,existential constructions
NP13-NK,NP13,?,Not known
NP130-NK,NP130,?,Not known
NP130-A,NP130,A,posser-possedN
NP130-B,NP130,B,possedN-posser
NP130-C,NP130,C,both orders with neither order dominant
NP130-D,NP130,D,both but for specific constructions
NP140-NK,NP140,?,Not known
NP140-A,NP140,A,adj-N
NP140-B,NP140,B,N-adj
NP140-C,NP140,C,both orders with neither order dominant
NP140-D,NP140,D,both but for specific forms
NP140-E,NP140,E,both but depend on the characteristics of the nominal head
NP140-F,NP140,F,"neither, adjectives are not used adnominally"
NP150-NK,NP150,?,Not known
NP150-A,NP150,A,rel-N
NP150-B,NP150,B,N-rel
NP150-C,NP150,C,both orders with neither order dominant
NP150-D,NP150,D,both but for specific relative clauses
NP160-NK,NP160,?,Not known
NP160-A,NP160,A,adv-A
NP160-B,NP160,B,A-adv
NP160-C,NP160,C,language has other means to mark degree
NP2-NK,NP2,?,Not known
NP2-FREE,NP2,FREE,lacking a dominant word order
NP2-OSV,NP2,OSV,
NP2-OVS,NP2,OVS,
NP2-SOV,NP2,SOV,
NP2-SVO,NP2,SVO,
NP2-VOS,NP2,VOS,
NP2-VSO,NP2,VSO,
NP210-0,NP210,0,no
NP210-1,NP210,1,yes
NP210-NK,NP210,?,Not known
NP210-NA,NP210,N/A,not applicable
NP211-0,NP211,0,no
NP211-1,NP211,1,yes
NP211-NK,NP211,?,Not known
NP211-NA,NP211,N/A,not applicable
NP212-0,NP212,0,no
NP212-1,NP212,1,yes
NP212-NK,NP212,?,Not known
NP212-NA,NP212,N/A,not applicable
NP213-0,NP213,0,no
NP213-1,NP213,1,yes
NP213-NK,NP213,?,Not known
NP213-NA,NP213,N/A,not applicable
NP220-0,NP220,0,no
NP220-1,NP220,1,yes
NP220-NK,NP220,?,Not known
NP220-NA,NP220,N/A,not applicable
NP221-0,NP221,0,no
NP221-1,NP221,1,yes
NP221-NK,NP221,?,Not known
NP221-NA,NP221,N/A,not applicable
NP222-0,NP222,0,no
NP222-1,NP222,1,yes
NP222-NK,NP222,?,Not known
NP222-NA,NP222,N/A,not applicable
NP223-0,NP223,0,no
NP223-1,NP223,1,yes
NP223-NK,NP223,?,Not known
NP223-NA,NP223,N/A,not applicable
NP230-0,NP230,0,no
NP230-1,NP230,1,yes
NP230-NK,NP230,?,Not known
NP230-NA,NP230,N/A,not applicable
NP231-0,NP231,0,no
NP231-1,NP231,1,yes
NP231-NK,NP231,?,Not known
NP231-NA,NP231,N/A,not applicable
NP232-0,NP232,0,no
NP232-1,NP232,1,yes
NP232-NK,NP232,?,Not known
NP232-NA,NP232,N/A,not applicable
NP233-0,NP233,0,no
NP233-1,NP233,1,yes
NP233-NK,NP233,?,Not known
NP233-NA,NP233,N/A,not applicable
NP301-NK,NP301,?,Not known
NP301-A,NP301,A,no
NP301-B,NP301,B,numeral 'one' is used as an indefinite article
NP301-C,NP301,C,indefinite article in use distinct in realization from numeral for 'one'
NP302-NK,NP302,?,Not known
NP302-A,NP302,A,no
NP302-B,NP302,B,one of the demonstratives is used as a marker of definiteness
NP302-C,NP302,C,definiteness marker distinct in realization from a demonstrative
NP302-D,NP302,D,both demonstrative and a different definiteness marker in use with neither being dominant
NP303-NK,NP303,?,Not known
NP303-A,NP303,A,unrelated
NP303-B,NP303,B,related to proximate form of the demonstrative
NP303-C,NP303,C,related to medial form
NP303-D,NP303,D,related to distal form
NP303-E,NP303,E,3rd person pronouns are indicated by demonstratives
NP304-NK,NP304,?,Not known
NP304-A,NP304,A,DOS
NP304-B,NP304,B,POS
NP304-C,NP304,C,no distance constrast
NP304-NA,NP304,N/A,not applicable
NP305-0,NP305,0,0
NP305-1,NP305,1,1
NP305-2,NP305,2,2
NP305-3,NP305,3,3
NP305-4,NP305,4,4
NP305-5,NP305,5,5
NP305-NK,NP305,?,Not known
NP305-NA,NP305,N/A,not applicable
NP306-0,NP306,0,no
NP306-1,NP306,1,yes
NP306-NK,NP306,?,Not known
NP306-NA,NP306,N/A,not applicable i.e. referring to 'adnominal' demonstratives - not to the semantic feature encoded
NP307-0,NP307,0,no
NP307-1,NP307,1,yes
NP307-NK,NP307,?,Not known
NP307-NA,NP307,N/A,not applicable referring to 'adnominal' demonstratives - not to the semantic feature encoded
NP308-0,NP308,0,no
NP308-1,NP308,1,yes
NP308-NK,NP308,?,Not known
NP308-NA,NP308,N/A,not applicable i.e. referring to 'adnominal' demonstratives - not to the semantic feature encoded
NP309-0,NP309,0,no
NP309-1,NP309,1,yes
NP309-NK,NP309,?,Not known
NP309-NA,NP309,N/A,not applicable i.e. referring to 'adnominal' demonstratives - not to the semantic feature encoded
NP310-0,NP310,0,no
NP310-1,NP310,1,yes
NP310-NK,NP310,?,Not known
NP310-NA,NP310,N/A,not applicable i.e. referring to 'adnominal' demonstratives - not to the semantic feature encoded
NP311-0,NP311,0,no
NP311-1,NP311,1,yes
NP311-NK,NP311,?,Not known
NP311-NA,NP311,N/A,not applicable i.e. referring to 'adnominal' demonstratives - not to the semantic feature encoded
NP312-0,NP312,0,no
NP312-1,NP312,1,yes
NP312-NK,NP312,?,Not known
NP312-NA,NP312,N/A,not applicable i.e. referring to 'adnominal' demonstratives - not to the semantic feature encoded
NP313-0,NP313,0,no
NP313-1,NP313,1,yes
NP313-NK,NP313,?,Not known
NP313-NA,NP313,N/A,not applicable i.e. referring to 'adnominal' demonstratives - not to the semantic feature encoded
NP314-NK,NP314,?,Not known
NP314-A,NP314,A,no
NP314-B,NP314,B,only proximate dem
NP314-C,NP314,C,only distal dem
NP314-D,NP314,D,all dem-s
NP314-NA,NP314,N/A,not applicable
NP315-0,NP315,0,no
NP315-1,NP315,1,yes
NP315-NK,NP315,?,Not known
NP315-NA,NP315,N/A,not applicable
NP316-NK,NP316,?,Not known
NP316-A,NP316,A,different root
NP316-B,NP316,B,same root but different inflectional markers
NP316-C,NP316,C,same root and same (or no) markers
NP316-D,NP316,D,both are used: different root and same root with different inflectional markers
NP316-E,NP316,E,both are used: different root and same root same (or no) inflectional markers
NP316-F,NP316,F,"demonstratives are not used adnominally, adverbial dem is in use"
NP317-0,NP317,0,false
NP317-2,NP317,2,
NP317-3,NP317,3,
NP317-4,NP317,4,
NP317-NK,NP317,?,Not known
NP317-NA,NP317,N/A,not applicable
NP4-0,NP4,0,no
NP4-1,NP4,1,yes
NP4-NK,NP4,?,Not known
NP401-NK,NP401,?,Not known
NP401-A,NP401,A,no
NP401-B,NP401,B,yes: POSR-pos.marker POSSD
NP401-C,NP401,C,yes: POSR pos.marker POSSD
NP401-D,NP401,D,yes: POSR-agr/w/posd POSSD
NP402-NK,NP402,?,Not known
NP402-A,NP402,A,no
NP402-B,NP402,B,yes: (POSR)  pers.pos.pref-POSSD
NP402-C,NP402,C,yes: (POSR)  POSSD-pers.pos.suf/clitic
NP402-D,NP402,D,yes: (POSR)  pers.pos.pref-POSSD-possessed
NP402-E,NP402,E,yes: (POSR) pers.pos.pref-rlt-POSSD
NP402-F,NP402,F,yes: (POSR) POSSD-possessed
NP402-G,NP402,G,yes: (POSR) rlt-POSSD
NP402-H,NP402,H,yes: (POSR)  linker-POSSD-possessed
NP402-I,NP402,I,yes: pers.pos.pref-classifier POSSD
NP403-NK,NP403,?,Not known
NP403-A,NP403,A,no
NP403-B,NP403,B,yes: possessive.pronoun POSSD
NP403-C,NP403,C,yes: personal.pronoun-pos.marker POSSD
NP403-D,NP403,D,yes: personal.pronoun-agr/w/posd POSSD
NP404-NK,NP404,?,Not known
NP404-A,NP404,A,no
NP404-B,NP404,B,yes: (POSR) pers.pos.pref-POSSD
NP404-C,NP404,C,yes: (POSR) POSSD-pers.pos.suf/clitic
NP404-D,NP404,D,yes: (POSR) pers.pos.pref-POSSD-possessed
NP404-E,NP404,E,yes: (POSR) pers.pos.pref-rlt-POSSD
NP404-F,NP404,F,yes: (POSR) POSSD-possessed
NP404-G,NP404,G,yes: pers.pos.pref-classifier POSSD
NP405-0,NP405,0,no
NP405-1,NP405,1,yes
NP405-NK,NP405,?,Not known
NP406-0,NP406,0,no
NP406-1,NP406,1,yes
NP406-NK,NP406,?,Not known
NP406-NA,NP406,N/A,not applicable
NP407-0,NP407,0,no
NP407-1,NP407,1,yes
NP407-NK,NP407,?,Not known
NP408-0,NP408,0,no
NP408-1,NP408,1,yes
NP408-NK,NP408,?,Not known
NP409-NK,NP409,?,Not known
NP409-A,NP409,A,no
NP409-B,NP409,B,"yes, subject markers"
NP409-C,NP409,C,"yes, object markers"
NP409-D,NP409,D,split system
NP5-0,NP5,0,no
NP5-1,NP5,1,yes
NP5-NK,NP5,?,Not known
NP501-NK,NP501,?,Not known
NP501-A,NP501,A,no
NP501-B,NP501,B,"yes, but less than 10"
NP501-C,NP501,C,"yes, more than 10"
NP502-NK,NP502,?,Not known
NP502-A,NP502,A,adjectives
NP502-B,NP502,B,verbs
NP502-C,NP502,C,nouns
NP502-D,NP502,D,adverbs
NP502-E,NP502,E,postposition
NP503-NK,NP503,?,Not known
NP503-A,NP503,A,adjectives
NP503-B,NP503,B,verbs
NP503-C,NP503,C,nouns
NP503-D,NP503,D,adverbs
NP504-NK,NP504,?,Not known
NP504-A,NP504,A,adjectives
NP504-B,NP504,B,verbs
NP504-C,NP504,C,nouns
NP504-D,NP504,D,adverbs
NP505-NK,NP505,?,Not known
NP505-A,NP505,A,adjectives
NP505-B,NP505,B,verbs
NP505-C,NP505,C,nouns
NP505-D,NP505,D,adverbs
NP506-NK,NP506,?,Not known
NP506-A,NP506,A,adjectives
NP506-B,NP506,B,verbs
NP506-C,NP506,C,nouns
NP506-D,NP506,D,adverbs
NP507-NK,NP507,?,Not known
NP507-A,NP507,A,adjectives
NP507-B,NP507,B,verbs
NP507-C,NP507,C,nouns
NP507-D,NP507,D,adverbs
NP507-E,NP507,E,postposition
NP508-NK,NP508,?,Not known
NP508-A,NP508,A,adjectives
NP508-B,NP508,B,verbs
NP508-C,NP508,C,nouns
NP508-D,NP508,D,adverbs
NP6-0,NP6,0,no
NP6-1,NP6,1,yes
NP6-NK,NP6,?,Not known
NP610-NK,NP610,?,Not known
NP610-A,NP610,A,adjectives
NP610-B,NP610,B,verbs
NP610-C,NP610,C,nouns
NP610-D,NP610,D,some numerals are nouns and some are verbs
NP610-E,NP610,E,adverbs
NP610-F,NP610,F,not applicable
NP7-0,NP7,0,no
NP7-1,NP7,1,yes
NP7-NK,NP7,?,Not known
NP710-NK,NP710,?,Not known
NP710-A,NP710,A,no plural marking
NP710-B,NP710,B,marked by a prefix/proclitic
NP710-C,NP710,C,marked by a suffix
NP710-D,NP710,D,marked by an enclitic
NP710-E,NP710,E,marked by a free (not bound) marker
NP710-F,NP710,F,by referential elements
NP711-NK,NP711,?,Not known
NP711-A,NP711,A,obligatory only on human nouns
NP711-B,NP711,B,obligatory only on animates (i.e. humans and non-human animates)
NP711-C,NP711,C,optional on all nouns
NP711-D,NP711,D,obligatory on all nouns
NP711-NA,NP711,N/A,Not Applicable
NP720-0,NP720,0,no
NP720-1,NP720,1,yes
NP720-NK,NP720,?,Not known
NP730-0,NP730,0,no
NP730-1,NP730,1,yes
NP730-NK,NP730,?,Not known
NP740-0,NP740,0,no
NP740-1,NP740,1,yes
NP740-NK,NP740,?,Not known
NP8-NK,NP8,?,Not known
NP8-A,NP8,A,no gender distinctions
NP8-B,NP8,B,1st person only
NP8-C,NP8,C,2nd person only
NP8-D,NP8,D,3rd person only
NP8-E,NP8,E,all persons
NP8-F,NP8,F,2nd and 3rd person only
NP8-G,NP8,G,1st and 2nd person only
NP810-NK,NP810,?,Not known
NP810-A,NP810,A,none
NP810-B,NP810,B,two
NP810-C,NP810,C,three
NP820-0,NP820,0,no
NP820-1,NP820,1,yes
NP820-NK,NP820,?,Not known
NP830-0,NP830,0,no
NP830-1,NP830,1,yes
NP830-NK,NP830,?,Not known
NP831-NK,NP831,?,Not known
NP831-A,NP831,A,no
NP831-B,NP831,B,realized as prefixes
NP831-C,NP831,C,realized as suffixes
NP831-D,NP831,D,realized as circumfixes
NP831-E,NP831,E,realized as free morphemes
NP831-F,NP831,F,realization depends on numeral
NP831-NA,NP831,N/A,Not Applicable
NP832-NK,NP832,?,Not known
NP832-A,NP832,A,no
NP832-B,NP832,B,"yes, realized as prefixes"
NP832-C,NP832,C,"yes, realized as suffixes"
NP832-D,NP832,D,realized as free morphemes
NP832-E,NP832,E,"yes, realization depends on noun"
NP832-NA,NP832,N/A,Not Applicable
NP833-0,NP833,0,no
NP833-1,NP833,1,yes
NP833-NK,NP833,?,Not known
NP833-NA,NP833,N/A,Not Applicable
NP834-0,NP834,0,no
NP834-1,NP834,1,yes
NP834-NK,NP834,?,Not known
NP834-NA,NP834,N/A,Not Applicable
NP835-NK,NP835,?,Not known
NP835-A,NP835,A,no
NP835-B,NP835,B,realized as prefixes
NP835-C,NP835,C,realized as suffixes
NP835-D,NP835,D,realized as free morphemes
NP835-E,NP835,E,realization depends on (pro)noun
NP835-NA,NP835,N/A,Not Applicable
NP836-NK,NP836,?,Not known
NP836-A,NP836,A,no
NP836-B,NP836,B,realized as prefixes
NP836-C,NP836,C,realized as suffixes
NP836-D,NP836,D,realized as free morphemes
NP836-E,NP836,E,realization depends on deictic form
NP836-NA,NP836,N/A,Not Applicable
NP837-0,NP837,0,no
NP837-1,NP837,1,yes
NP837-NK,NP837,?,Not known
NP837-NA,NP837,N/A,Not Applicable
NP838-0,NP838,0,no
NP838-1,NP838,1,yes
NP838-NK,NP838,?,Not known
NP838-NA,NP838,N/A,Not Applicable
NP839-0,NP839,0,no
NP839-1,NP839,1,yes
NP839-NK,NP839,?,Not known
NP839-NA,NP839,N/A,Not Applicable
NP9-NK,NP9,?,Not known
NP9-A,NP9,A,no number distinctions
NP9-B,NP9,B,sg/pl
NP9-C,NP9,C,sg/du/pl
NP901-NK,NP901,?,Not known
NP901-A,NP901,A,no adpositions
NP901-B,NP901,B,prepositions
NP901-C,NP901,C,postpositions
NP901-D,NP901,D,both prepositions and postpositions with none being dominant
NP901-E,NP901,E,prefixes
NP901-F,NP901,F,suffixes
NP901-G,NP901,G,circumfixes
TAME1-1-NK,TAME1-1,?,unknown
TAME1-1-AFF,TAME1-1,AFF,affix
TAME1-1-AUX,TAME1-1,AUX,auxiliary
TAME1-1-CLI,TAME1-1,CLI,clitic
TAME1-1-N,TAME1-1,N,no
TAME1-1-PAR,TAME1-1,PAR,particle
TAME1-1-STEM,TAME1-1,STEM,stem change/ suppletion
TAME1-2-1-0,TAME1-2-1,0,there is no future marker
TAME1-2-1-1,TAME1-2-1,1,only one future is marked
TAME1-2-1-2,TAME1-2-1,2,"two different are marked (two markers for future, e.g. recent and remote)"
TAME1-2-1-3,TAME1-2-1,3,"three different are marked (three markers for future, e.g. recent, remote, far)"
TAME1-2-1-4,TAME1-2-1,4,etc.
TAME1-2-1-NK,TAME1-2-1,?,Not known
TAME1-2-1-NA,TAME1-2-1,N/A,Not Applicable
TAME1-2-NK,TAME1-2,?,unknown
TAME1-2-AFF,TAME1-2,AFF,affix
TAME1-2-AUX,TAME1-2,AUX,auxiliary
TAME1-2-CLI,TAME1-2,CLI,clitic
TAME1-2-N,TAME1-2,N,no
TAME1-2-PAR,TAME1-2,PAR,particle
TAME1-2-STEM,TAME1-2,STEM,stem change/ suppletion
TAME1-3-1-0,TAME1-3-1,0,there is no past marker
TAME1-3-1-1,TAME1-3-1,1,only one past is marked 
TAME1-3-1-2,TAME1-3-1,2,"two different are marked (two markers for past, e.g. recent and remote)"
TAME1-3-1-3,TAME1-3-1,3,"three different are marked (three markers for past, e.g. recent, remote, far)"
TAME1-3-1-4,TAME1-3-1,4,four different past tenses are marked
TAME1-3-1-5,TAME1-3-1,5,five different past tenses are marked
TAME1-3-1-6,TAME1-3-1,6,six different past tenses are marked
TAME1-3-1-NK,TAME1-3-1,?,Not known
TAME1-3-1-NA,TAME1-3-1,N/A,Not Applicable
TAME1-3-NK,TAME1-3,?,unknown
TAME1-3-AFF,TAME1-3,AFF,affix
TAME1-3-AUX,TAME1-3,AUX,auxiliary
TAME1-3-CLI,TAME1-3,CLI,clitic
TAME1-3-N,TAME1-3,N,no
TAME1-3-PAR,TAME1-3,PAR,particle
TAME1-3-STEM,TAME1-3,STEM,stem change/ suppletion
TAME2-1-NK,TAME2-1,?,unknown
TAME2-1-AFF,TAME2-1,AFF,affix
TAME2-1-AUX,TAME2-1,AUX,auxiliary
TAME2-1-CLI,TAME2-1,CLI,clitic
TAME2-1-N,TAME2-1,N,no
TAME2-1-PAR,TAME2-1,PAR,particle
TAME2-1-STEM,TAME2-1,STEM,stem change/ suppletion
TAME2-10-NK,TAME2-10,?,unknown
TAME2-10-AFF,TAME2-10,AFF,affix
TAME2-10-AUX,TAME2-10,AUX,auxiliary
TAME2-10-CLI,TAME2-10,CLI,clitic
TAME2-10-N,TAME2-10,N,no
TAME2-10-PAR,TAME2-10,PAR,particle
TAME2-10-STEM,TAME2-10,STEM,stem change/ suppletion
TAME2-11-NK,TAME2-11,?,unknown
TAME2-11-AFF,TAME2-11,AFF,affix
TAME2-11-AUX,TAME2-11,AUX,auxiliary
TAME2-11-CLI,TAME2-11,CLI,clitic
TAME2-11-N,TAME2-11,N,no
TAME2-11-PAR,TAME2-11,PAR,particle
TAME2-11-STEM,TAME2-11,STEM,stem change/ suppletion
TAME2-12-NK,TAME2-12,?,unknown
TAME2-12-AFF,TAME2-12,AFF,affix
TAME2-12-AUX,TAME2-12,AUX,auxiliary
TAME2-12-CLI,TAME2-12,CLI,clitic
TAME2-12-N,TAME2-12,N,no
TAME2-12-PAR,TAME2-12,PAR,particle
TAME2-12-STEM,TAME2-12,STEM,stem change/ suppletion
TAME2-13-NK,TAME2-13,?,unknown
TAME2-13-AFF,TAME2-13,AFF,affix
TAME2-13-AUX,TAME2-13,AUX,auxiliary
TAME2-13-CLI,TAME2-13,CLI,clitic
TAME2-13-N,TAME2-13,N,no
TAME2-13-PAR,TAME2-13,PAR,particle
TAME2-13-STEM,TAME2-13,STEM,stem change/ suppletion
TAME2-14-NK,TAME2-14,?,unknown
TAME2-14-AFF,TAME2-14,AFF,affix
TAME2-14-AUX,TAME2-14,AUX,auxiliary
TAME2-14-CLI,TAME2-14,CLI,clitic
TAME2-14-N,TAME2-14,N,no
TAME2-14-PAR,TAME2-14,PAR,particle
TAME2-14-STEM,TAME2-14,STEM,stem change/ suppletion
TAME2-15-NK,TAME2-15,?,unknown
TAME2-15-AFF,TAME2-15,AFF,affix
TAME2-15-AUX,TAME2-15,AUX,auxiliary
TAME2-15-CLI,TAME2-15,CLI,clitic
TAME2-15-N,TAME2-15,N,no
TAME2-15-PAR,TAME2-15,PAR,particle
TAME2-15-STEM,TAME2-15,STEM,stem change/ suppletion
TAME2-2-NK,TAME2-2,?,unknown
TAME2-2-AFF,TAME2-2,AFF,affix
TAME2-2-AUX,TAME2-2,AUX,auxiliary
TAME2-2-CLI,TAME2-2,CLI,clitic
TAME2-2-N,TAME2-2,N,no
TAME2-2-PAR,TAME2-2,PAR,particle
TAME2-2-STEM,TAME2-2,STEM,stem change/ suppletion
TAME2-3-NK,TAME2-3,?,unknown
TAME2-3-AFF,TAME2-3,AFF,affix
TAME2-3-AUX,TAME2-3,AUX,auxiliary
TAME2-3-CLI,TAME2-3,CLI,clitic
TAME2-3-N,TAME2-3,N,no
TAME2-3-PAR,TAME2-3,PAR,particle
TAME2-3-STEM,TAME2-3,STEM,stem change/ suppletion
TAME2-4-NK,TAME2-4,?,unknown
TAME2-4-AFF,TAME2-4,AFF,affix
TAME2-4-AUX,TAME2-4,AUX,auxiliary
TAME2-4-CLI,TAME2-4,CLI,clitic
TAME2-4-N,TAME2-4,N,no
TAME2-4-PAR,TAME2-4,PAR,particle
TAME2-4-STEM,TAME2-4,STEM,stem change/ suppletion
TAME2-5-NK,TAME2-5,?,unknown
TAME2-5-AFF,TAME2-5,AFF,affix
TAME2-5-AUX,TAME2-5,AUX,auxiliary
TAME2-5-CLI,TAME2-5,CLI,clitic
TAME2-5-N,TAME2-5,N,no
TAME2-5-PAR,TAME2-5,PAR,particle
TAME2-5-STEM,TAME2-5,STEM,stem change/ suppletion
TAME2-6-NK,TAME2-6,?,unknown
TAME2-6-AFF,TAME2-6,AFF,affix
TAME2-6-AUX,TAME2-6,AUX,auxiliary
TAME2-6-CLI,TAME2-6,CLI,clitic
TAME2-6-N,TAME2-6,N,no
TAME2-6-PAR,TAME2-6,PAR,particle
TAME2-6-STEM,TAME2-6,STEM,stem change/ suppletion
TAME2-7-NK,TAME2-7,?,unknown
TAME2-7-AFF,TAME2-7,AFF,affix
TAME2-7-AUX,TAME2-7,AUX,auxiliary
TAME2-7-CLI,TAME2-7,CLI,clitic
TAME2-7-N,TAME2-7,N,no
TAME2-7-PAR,TAME2-7,PAR,particle
TAME2-7-STEM,TAME2-7,STEM,stem change/ suppletion
TAME2-8-NK,TAME2-8,?,unknown
TAME2-8-AFF,TAME2-8,AFF,affix
TAME2-8-AUX,TAME2-8,AUX,auxiliary
TAME2-8-CLI,TAME2-8,CLI,clitic
TAME2-8-IMPPOL,TAME2-8,IMPPOL,imperative marker and additional marker
TAME2-8-N,TAME2-8,N,no
TAME2-8-PAR,TAME2-8,PAR,particle
TAME2-8-STEM,TAME2-8,STEM,stem change/ suppletion
TAME2-9-NK,TAME2-9,?,unknown
TAME2-9-AFF,TAME2-9,AFF,affix
TAME2-9-AUX,TAME2-9,AUX,auxiliary
TAME2-9-CLI,TAME2-9,CLI,clitic
TAME2-9-N,TAME2-9,N,no
TAME2-9-PAR,TAME2-9,PAR,particle
TAME2-9-STEM,TAME2-9,STEM,stem change/ suppletion
TAME3-1-NK,TAME3-1,?,unknown
TAME3-1-AFF,TAME3-1,AFF,affix
TAME3-1-AUX,TAME3-1,AUX,auxiliary
TAME3-1-CLI,TAME3-1,CLI,clitic
TAME3-1-N,TAME3-1,N,no
TAME3-1-PAR,TAME3-1,PAR,particle
TAME3-1-STEM,TAME3-1,STEM,stem change/ suppletion
TAME3-2-NK,TAME3-2,?,unknown
TAME3-2-AFF,TAME3-2,AFF,affix
TAME3-2-AUX,TAME3-2,AUX,auxiliary
TAME3-2-CLI,TAME3-2,CLI,clitic
TAME3-2-N,TAME3-2,N,no
TAME3-2-PAR,TAME3-2,PAR,particle
TAME3-2-REP,TAME3-2,REP,repetition of (parts of) the verb
TAME3-2-STEM,TAME3-2,STEM,stem change/ suppletion
TAME3-3-NK,TAME3-3,?,unknown
TAME3-3-AFF,TAME3-3,AFF,affix
TAME3-3-AUX,TAME3-3,AUX,auxiliary
TAME3-3-CLI,TAME3-3,CLI,clitic
TAME3-3-N,TAME3-3,N,no
TAME3-3-PAR,TAME3-3,PAR,particle
TAME3-3-REP,TAME3-3,REP,repetition of (parts of) the verb
TAME3-3-STEM,TAME3-3,STEM,stem change/ suppletion
TAME3-4-NK,TAME3-4,?,unknown
TAME3-4-AFF,TAME3-4,AFF,affix
TAME3-4-AUX,TAME3-4,AUX,auxiliary
TAME3-4-CLI,TAME3-4,CLI,clitic
TAME3-4-N,TAME3-4,N,no
TAME3-4-PAR,TAME3-4,PAR,particle
TAME3-4-REP,TAME3-4,REP,repetition of (parts of) the verb
TAME3-4-STEM,TAME3-4,STEM,stem change/ suppletion
TAME3-5-NK,TAME3-5,?,unknown
TAME3-5-AFF,TAME3-5,AFF,affix
TAME3-5-AUX,TAME3-5,AUX,auxiliary
TAME3-5-CLI,TAME3-5,CLI,clitic
TAME3-5-N,TAME3-5,N,no
TAME3-5-PAR,TAME3-5,PAR,particle
TAME3-5-REP,TAME3-5,REP,repetition of (parts of) the verb
TAME3-5-STEM,TAME3-5,STEM,stem change/ suppletion
TAME3-6-NK,TAME3-6,?,unknown
TAME3-6-AFF,TAME3-6,AFF,affix
TAME3-6-AUX,TAME3-6,AUX,auxiliary
TAME3-6-CLI,TAME3-6,CLI,clitic
TAME3-6-N,TAME3-6,N,no
TAME3-6-PAR,TAME3-6,PAR,particle
TAME3-6-REP,TAME3-6,REP,repetition of (parts of) the verb
TAME3-6-STEM,TAME3-6,STEM,stem change/ suppletion
TAME3-7-NK,TAME3-7,?,unknown
TAME3-7-AFF,TAME3-7,AFF,affix
TAME3-7-AUX,TAME3-7,AUX,auxiliary
TAME3-7-CLI,TAME3-7,CLI,clitic
TAME3-7-N,TAME3-7,N,no
TAME3-7-PAR,TAME3-7,PAR,particle
TAME3-7-REP,TAME3-7,REP,repetition of (parts of) the verb
TAME3-7-STEM,TAME3-7,STEM,stem change/ suppletion
TAME3-8-NK,TAME3-8,?,unknown
TAME3-8-AFF,TAME3-8,AFF,affix
TAME3-8-AUX,TAME3-8,AUX,auxiliary
TAME3-8-CLI,TAME3-8,CLI,clitic
TAME3-8-N,TAME3-8,N,no
TAME3-8-PAR,TAME3-8,PAR,particle
TAME3-8-REP,TAME3-8,REP,repetition of (parts of) the verb
TAME3-8-STEM,TAME3-8,STEM,stem change/ suppletion
TAME4-1-NK,TAME4-1,?,unknown
TAME4-1-AFF,TAME4-1,AFF,affix
TAME4-1-AUX,TAME4-1,AUX,auxiliary
TAME4-1-CLI,TAME4-1,CLI,clitic
TAME4-1-N,TAME4-1,N,no
TAME4-1-PAR,TAME4-1,PAR,particle
TAME4-1-STEM,TAME4-1,STEM,stem change/ suppletion
TAME4-2-NK,TAME4-2,?,unknown
TAME4-2-AFF,TAME4-2,AFF,affix
TAME4-2-AUX,TAME4-2,AUX,auxiliary
TAME4-2-CLI,TAME4-2,CLI,clitic
TAME4-2-N,TAME4-2,N,no
TAME4-2-PAR,TAME4-2,PAR,particle
TAME4-2-STEM,TAME4-2,STEM,stem change/ suppletion
TAME4-3-NK,TAME4-3,?,unknown
TAME4-3-AFF,TAME4-3,AFF,affix
TAME4-3-AUX,TAME4-3,AUX,auxiliary
TAME4-3-CLI,TAME4-3,CLI,clitic
TAME4-3-N,TAME4-3,N,no
TAME4-3-PAR,TAME4-3,PAR,particle
TAME4-3-STEM,TAME4-3,STEM,stem change/ suppletion
TAME4-4-NK,TAME4-4,?,unknown
TAME4-4-AFF,TAME4-4,AFF,affix
TAME4-4-AUX,TAME4-4,AUX,auxiliary
TAME4-4-CLI,TAME4-4,CLI,clitic
TAME4-4-N,TAME4-4,N,no
TAME4-4-PAR,TAME4-4,PAR,particle
TAME4-4-STEM,TAME4-4,STEM,stem change/ suppletion
TAME4-5-NK,TAME4-5,?,unknown
TAME4-5-AFF,TAME4-5,AFF,affix
TAME4-5-AUX,TAME4-5,AUX,auxiliary
TAME4-5-CLI,TAME4-5,CLI,clitic
TAME4-5-N,TAME4-5,N,no
TAME4-5-PAR,TAME4-5,PAR,particle
TAME4-5-STEM,TAME4-5,STEM,stem change/ suppletion
TAME4-6-NK,TAME4-6,?,unknown
TAME4-6-AFF,TAME4-6,AFF,affix
TAME4-6-AUX,TAME4-6,AUX,auxiliary
TAME4-6-CLI,TAME4-6,CLI,clitic
TAME4-6-N,TAME4-6,N,no
TAME4-6-PAR,TAME4-6,PAR,particle
TAME4-6-STEM,TAME4-6,STEM,stem change/ suppletion
TAME4-7-NK,TAME4-7,?,unknown
TAME4-7-AFF,TAME4-7,AFF,affix
TAME4-7-AUX,TAME4-7,AUX,auxiliary
TAME4-7-CLI,TAME4-7,CLI,clitic
TAME4-7-N,TAME4-7,N,no
TAME4-7-PAR,TAME4-7,PAR,particle
TAME4-7-STEM,TAME4-7,STEM,stem change/ suppletion
